-- phpMyAdmin SQL Dump
-- version 5.2.0
-- https://www.phpmyadmin.net/
--
-- Host: 127.0.0.1
-- Generation Time: Jun 30, 2022 at 02:09 AM
-- Server version: 10.4.24-MariaDB
-- PHP Version: 7.4.29

SET SQL_MODE = "NO_AUTO_VALUE_ON_ZERO";
START TRANSACTION;
SET time_zone = "+00:00";


/*!40101 SET @OLD_CHARACTER_SET_CLIENT=@@CHARACTER_SET_CLIENT */;
/*!40101 SET @OLD_CHARACTER_SET_RESULTS=@@CHARACTER_SET_RESULTS */;
/*!40101 SET @OLD_COLLATION_CONNECTION=@@COLLATION_CONNECTION */;
/*!40101 SET NAMES utf8mb4 */;

--
-- Database: `bbsports`
--

-- --------------------------------------------------------

--
-- Table structure for table `attenda`
--

CREATE TABLE `attenda` (
  `id` int(10) UNSIGNED NOT NULL,
  `emp_id` varchar(100) COLLATE utf8mb4_unicode_ci DEFAULT NULL,
  `day_date` varchar(255) COLLATE utf8mb4_unicode_ci DEFAULT NULL,
  `time_in` varchar(255) COLLATE utf8mb4_unicode_ci DEFAULT NULL,
  `timein_status` varchar(100) COLLATE utf8mb4_unicode_ci DEFAULT NULL,
  `time_out` varchar(255) COLLATE utf8mb4_unicode_ci DEFAULT NULL,
  `timeout_status` varchar(100) COLLATE utf8mb4_unicode_ci DEFAULT NULL,
  `working_hour` varchar(100) COLLATE utf8mb4_unicode_ci DEFAULT NULL,
  `extra` varchar(100) COLLATE utf8mb4_unicode_ci DEFAULT NULL,
  `is_active` tinyint(4) NOT NULL DEFAULT 1,
  `is_deleted` tinyint(4) NOT NULL DEFAULT 0,
  `created_at` timestamp NOT NULL DEFAULT current_timestamp(),
  `updated_at` timestamp NOT NULL DEFAULT current_timestamp() ON UPDATE current_timestamp(),
  `deleted_at` timestamp NULL DEFAULT NULL
) ENGINE=InnoDB DEFAULT CHARSET=utf8mb4 COLLATE=utf8mb4_unicode_ci;

--
-- Dumping data for table `attenda`
--

INSERT INTO `attenda` (`id`, `emp_id`, `day_date`, `time_in`, `timein_status`, `time_out`, `timeout_status`, `working_hour`, `extra`, `is_active`, `is_deleted`, `created_at`, `updated_at`, `deleted_at`) VALUES
(1, '1009', '2021-04-26', '21:25', 'On-Time', '14:30', 'On-Time', '17:05', '14:30', 1, 0, '2021-06-01 16:59:42', '2021-06-01 16:59:46', NULL),
(2, '1009', '2021-04-28', '00:00', 'Time-In-Missing', '07:31', 'On-Time', '-', NULL, 1, 0, '2021-06-01 16:59:42', '2021-06-01 16:59:42', NULL),
(3, '1009', '2021-04-29', '00:00', 'Time-In-Missing', '06:39', 'On-Time', '-', NULL, 1, 0, '2021-06-01 16:59:42', '2021-06-01 16:59:42', NULL),
(4, '1009', '2021-04-30', '00:00', 'Time-In-Missing', '06:37', 'On-Time', '-', NULL, 1, 0, '2021-06-01 16:59:42', '2021-06-01 16:59:42', NULL),
(5, '1009', '2021-05-01', '00:00', 'Time-In-Missing', '06:33', 'On-Time', '-', NULL, 1, 0, '2021-06-01 16:59:42', '2021-06-01 16:59:42', NULL),
(6, '1009', '2021-05-03', '21:13', 'On-Time', '14:25', 'On-Time', '17:12', '14:25', 1, 0, '2021-06-01 16:59:42', '2021-06-01 16:59:46', NULL),
(7, '1009', '2021-05-04', '21:07', 'On-Time', '15:15', 'On-Time', '18:08', '15:15', 1, 0, '2021-06-01 16:59:42', '2021-06-01 16:59:46', NULL),
(8, '1009', '2021-05-05', '21:21', 'On-Time', '21:15', 'On-Time', '23:54', '21:15', 1, 0, '2021-06-01 16:59:42', '2021-06-01 16:59:46', NULL),
(9, '1009', '2021-05-06', '22:44', 'Late-In', '22:11', 'On-Time', '23:27', '22:11', 1, 0, '2021-06-01 16:59:42', '2021-06-01 16:59:46', NULL),
(10, '1009', '2021-05-08', '00:00', 'Time-In-Missing', '07:30', 'On-Time', '-', NULL, 1, 0, '2021-06-01 16:59:42', '2021-06-01 16:59:42', NULL),
(11, '1009', '2021-05-10', '21:24', 'On-Time', '21:51', 'On-Time', '00:27', '21:51', 1, 0, '2021-06-01 16:59:42', '2021-06-01 16:59:46', NULL),
(12, '1009', '2021-05-12', '00:00', 'Time-In-Missing', '07:19', 'On-Time', '-', NULL, 1, 0, '2021-06-01 16:59:42', '2021-06-01 16:59:42', NULL),
(13, '1009', '2021-05-13', '00:00', 'Time-In-Missing', '04:59', 'Half-Day', '-', NULL, 1, 0, '2021-06-01 16:59:42', '2021-06-01 16:59:42', NULL),
(14, '1009', '2021-05-17', '21:24', 'On-Time', '23:03', 'On-Time', '01:39', '23:03', 1, 0, '2021-06-01 16:59:42', '2021-06-01 16:59:46', NULL),
(15, '1009', '2021-05-18', '21:01', 'On-Time', '21:12', 'On-Time', '00:11', '21:12', 1, 0, '2021-06-01 16:59:42', '2021-06-01 16:59:46', NULL),
(16, '1009', '2021-05-19', '21:21', 'On-Time', '21:19', 'On-Time', '23:58', '21:19', 1, 0, '2021-06-01 16:59:42', '2021-06-01 16:59:46', NULL),
(17, '1009', '2021-05-20', '21:25', 'On-Time', '21:01', 'On-Time', '23:36', '21:01', 1, 0, '2021-06-01 16:59:42', '2021-06-01 16:59:46', NULL),
(18, '1009', '2021-05-21', '21:04', 'On-Time', '06:22', 'On-Time', '09:18', '06:22', 1, 0, '2021-06-01 16:59:42', '2021-06-01 16:59:46', NULL),
(19, '1009', '2021-05-24', '00:00', 'Time-In-Missing', '23:05', 'On-Time', '-', NULL, 1, 0, '2021-06-01 16:59:42', '2021-06-01 16:59:42', NULL),
(20, '1009', '2021-05-25', '00:00', 'Time-In-Missing', '08:17', 'On-Time', '-', NULL, 1, 0, '2021-06-01 16:59:42', '2021-06-01 16:59:42', NULL),
(21, '1009', '2021-05-25', '00:00', 'Time-In-Missing', '19:04', 'On-Time', '-', NULL, 1, 0, '2021-06-01 16:59:42', '2021-06-01 16:59:42', NULL),
(22, '1009', '2021-05-26', '00:00', 'Time-In-Missing', '05:13', 'Half-Day', '-', NULL, 1, 0, '2021-06-01 16:59:42', '2021-06-01 16:59:42', NULL),
(23, '1009', '2021-05-26', '00:00', 'Time-In-Missing', '18:32', 'On-Time', '-', NULL, 1, 0, '2021-06-01 16:59:42', '2021-06-01 16:59:42', NULL),
(24, '1010', '2021-04-26', '21:19', 'On-Time', NULL, NULL, NULL, NULL, 1, 0, '2021-06-01 16:59:42', '2021-06-01 16:59:42', NULL),
(25, '1010', '2021-04-27', '21:19', 'On-Time', '14:39', 'On-Time', '17:20', '14:39', 1, 0, '2021-06-01 16:59:42', '2021-06-01 16:59:46', NULL),
(26, '1010', '2021-04-29', '00:00', 'Time-In-Missing', '06:39', 'On-Time', '-', NULL, 1, 0, '2021-06-01 16:59:42', '2021-06-01 16:59:42', NULL),
(27, '1010', '2021-04-29', '00:00', 'Time-In-Missing', '06:39', 'On-Time', '-', NULL, 1, 0, '2021-06-01 16:59:42', '2021-06-01 16:59:42', NULL),
(28, '1010', '2021-04-29', '00:00', 'Time-In-Missing', '06:39', 'On-Time', '-', NULL, 1, 0, '2021-06-01 16:59:42', '2021-06-01 16:59:42', NULL),
(29, '1010', '2021-04-29', '00:00', 'Time-In-Missing', '06:39', 'On-Time', '-', NULL, 1, 0, '2021-06-01 16:59:42', '2021-06-01 16:59:42', NULL),
(30, '1010', '2021-04-30', '00:00', 'Time-In-Missing', '06:37', 'On-Time', '-', NULL, 1, 0, '2021-06-01 16:59:42', '2021-06-01 16:59:42', NULL),
(31, '1010', '2021-05-01', '00:00', 'Time-In-Missing', '07:37', 'On-Time', '-', NULL, 1, 0, '2021-06-01 16:59:42', '2021-06-01 16:59:42', NULL),
(32, '1010', '2021-05-01', '00:00', 'Time-In-Missing', '07:37', 'On-Time', '-', NULL, 1, 0, '2021-06-01 16:59:42', '2021-06-01 16:59:42', NULL),
(33, '1010', '2021-05-06', '21:26', 'On-Time', NULL, NULL, NULL, NULL, 1, 0, '2021-06-01 16:59:42', '2021-06-01 16:59:42', NULL),
(34, '1010', '2021-05-07', '21:04', 'On-Time', '06:21', 'On-Time', '09:17', '06:21', 1, 0, '2021-06-01 16:59:42', '2021-06-01 16:59:46', NULL),
(35, '1010', '2021-05-10', '21:21', 'On-Time', NULL, NULL, NULL, NULL, 1, 0, '2021-06-01 16:59:42', '2021-06-01 16:59:42', NULL),
(36, '1010', '2021-05-11', '21:28', 'On-Time', '21:35', 'On-Time', '00:07', '21:35', 1, 0, '2021-06-01 16:59:42', '2021-06-01 16:59:46', NULL),
(37, '1010', '2021-05-13', '00:00', 'Time-In-Missing', '04:56', 'Half-Day', '-', NULL, 1, 0, '2021-06-01 16:59:42', '2021-06-01 16:59:42', NULL),
(38, '1010', '2021-05-13', '00:00', 'Time-In-Missing', '04:56', 'Half-Day', '-', NULL, 1, 0, '2021-06-01 16:59:42', '2021-06-01 16:59:42', NULL),
(39, '1010', '2021-05-13', '00:00', 'Time-In-Missing', '04:56', 'Half-Day', '-', NULL, 1, 0, '2021-06-01 16:59:42', '2021-06-01 16:59:42', NULL),
(40, '1010', '2021-05-14', '00:00', 'Time-In-Missing', '06:12', 'On-Time', '-', NULL, 1, 0, '2021-06-01 16:59:42', '2021-06-01 16:59:42', NULL),
(41, '1010', '2021-05-14', '00:00', 'Time-In-Missing', '06:12', 'On-Time', '-', NULL, 1, 0, '2021-06-01 16:59:42', '2021-06-01 16:59:42', NULL),
(42, '1010', '2021-05-14', '00:00', 'Time-In-Missing', '06:12', 'On-Time', '-', NULL, 1, 0, '2021-06-01 16:59:42', '2021-06-01 16:59:42', NULL),
(43, '1010', '2021-05-14', '00:00', 'Time-In-Missing', '06:12', 'On-Time', '-', NULL, 1, 0, '2021-06-01 16:59:42', '2021-06-01 16:59:42', NULL),
(44, '1010', '2021-05-17', '21:22', 'On-Time', NULL, NULL, NULL, NULL, 1, 0, '2021-06-01 16:59:42', '2021-06-01 16:59:42', NULL),
(45, '1010', '2021-05-25', '00:00', 'Time-In-Missing', '06:46', 'On-Time', '-', NULL, 1, 0, '2021-06-01 16:59:43', '2021-06-01 16:59:43', NULL),
(46, '1010', '2021-05-25', '00:00', 'Time-In-Missing', '06:46', 'On-Time', '-', NULL, 1, 0, '2021-06-01 16:59:43', '2021-06-01 16:59:43', NULL),
(47, '1010', '2021-05-25', '00:00', 'Time-In-Missing', '18:15', 'On-Time', '-', NULL, 1, 0, '2021-06-01 16:59:43', '2021-06-01 16:59:43', NULL),
(48, '1010', '2021-05-25', '00:00', 'Time-In-Missing', '18:15', 'On-Time', '-', NULL, 1, 0, '2021-06-01 16:59:43', '2021-06-01 16:59:43', NULL),
(49, '1010', '2021-05-25', '00:00', 'Time-In-Missing', '18:15', 'On-Time', '-', NULL, 1, 0, '2021-06-01 16:59:43', '2021-06-01 16:59:43', NULL),
(50, '1010', '2021-05-26', '00:00', 'Time-In-Missing', '03:40', 'Half-Day', '-', NULL, 1, 0, '2021-06-01 16:59:43', '2021-06-01 16:59:43', NULL),
(51, '1011', '2021-04-27', '21:08', 'On-Time', NULL, NULL, NULL, NULL, 1, 0, '2021-06-01 16:59:43', '2021-06-01 16:59:43', NULL),
(52, '1011', '2021-04-29', '00:00', 'Time-In-Missing', '10:18', 'On-Time', '-', NULL, 1, 0, '2021-06-01 16:59:43', '2021-06-01 16:59:43', NULL),
(53, '1011', '2021-05-01', '00:00', 'Time-In-Missing', '06:58', 'On-Time', '-', NULL, 1, 0, '2021-06-01 16:59:43', '2021-06-01 16:59:43', NULL),
(54, '1011', '2021-05-03', '00:00', 'Time-In-Missing', '20:26', 'On-Time', '-', NULL, 1, 0, '2021-06-01 16:59:43', '2021-06-01 16:59:43', NULL),
(55, '1011', '2021-05-10', '21:12', 'On-Time', NULL, NULL, NULL, NULL, 1, 0, '2021-06-01 16:59:43', '2021-06-01 16:59:43', NULL),
(56, '1011', '2021-05-14', '00:00', 'Time-In-Missing', '06:40', 'On-Time', '-', NULL, 1, 0, '2021-06-01 16:59:43', '2021-06-01 16:59:43', NULL),
(57, '1011', '2021-05-15', '00:00', 'Time-In-Missing', '06:16', 'On-Time', '-', NULL, 1, 0, '2021-06-01 16:59:43', '2021-06-01 16:59:43', NULL),
(58, '1011', '2021-05-25', '00:00', 'Time-In-Missing', '06:46', 'On-Time', '-', NULL, 1, 0, '2021-06-01 16:59:43', '2021-06-01 16:59:43', NULL),
(59, '1011', '2021-05-25', '00:00', 'Time-In-Missing', '18:18', 'On-Time', '-', NULL, 1, 0, '2021-06-01 16:59:43', '2021-06-01 16:59:43', NULL),
(60, '1011', '2021-05-26', '00:00', 'Time-In-Missing', '06:01', 'On-Time', '-', NULL, 1, 0, '2021-06-01 16:59:43', '2021-06-01 16:59:43', NULL),
(61, '1011', '2021-05-26', '00:00', 'Time-In-Missing', '18:26', 'On-Time', '-', NULL, 1, 0, '2021-06-01 16:59:43', '2021-06-01 16:59:43', NULL),
(62, '1012', '2021-04-26', '21:18', 'On-Time', NULL, NULL, NULL, NULL, 1, 0, '2021-06-01 16:59:43', '2021-06-01 16:59:43', NULL),
(63, '1012', '2021-04-29', '00:00', 'Time-In-Missing', '06:39', 'On-Time', '-', NULL, 1, 0, '2021-06-01 16:59:43', '2021-06-01 16:59:43', NULL),
(64, '1012', '2021-04-30', '00:00', 'Time-In-Missing', '06:37', 'On-Time', '-', NULL, 1, 0, '2021-06-01 16:59:43', '2021-06-01 16:59:43', NULL),
(65, '1012', '2021-05-01', '00:00', 'Time-In-Missing', '07:37', 'On-Time', '-', NULL, 1, 0, '2021-06-01 16:59:43', '2021-06-01 16:59:43', NULL),
(66, '1012', '2021-05-01', '00:00', 'Time-In-Missing', '07:37', 'On-Time', '-', NULL, 1, 0, '2021-06-01 16:59:43', '2021-06-01 16:59:43', NULL),
(67, '1012', '2021-05-07', '21:03', 'On-Time', NULL, NULL, NULL, NULL, 1, 0, '2021-06-01 16:59:43', '2021-06-01 16:59:43', NULL),
(68, '1012', '2021-05-11', '21:27', 'On-Time', NULL, NULL, NULL, NULL, 1, 0, '2021-06-01 16:59:43', '2021-06-01 16:59:43', NULL),
(69, '1012', '2021-05-13', '00:00', 'Time-In-Missing', '04:56', 'Half-Day', '-', NULL, 1, 0, '2021-06-01 16:59:43', '2021-06-01 16:59:43', NULL),
(70, '1012', '2021-05-13', '00:00', 'Time-In-Missing', '04:56', 'Half-Day', '-', NULL, 1, 0, '2021-06-01 16:59:43', '2021-06-01 16:59:43', NULL),
(71, '1012', '2021-05-15', '00:00', 'Time-In-Missing', '06:12', 'On-Time', '-', NULL, 1, 0, '2021-06-01 16:59:43', '2021-06-01 16:59:43', NULL),
(72, '1012', '2021-05-25', '00:00', 'Time-In-Missing', '06:46', 'On-Time', '-', NULL, 1, 0, '2021-06-01 16:59:43', '2021-06-01 16:59:43', NULL),
(73, '1012', '2021-05-25', '00:00', 'Time-In-Missing', '18:15', 'On-Time', '-', NULL, 1, 0, '2021-06-01 16:59:43', '2021-06-01 16:59:43', NULL),
(74, '1012', '2021-05-25', '00:00', 'Time-In-Missing', '18:16', 'On-Time', '-', NULL, 1, 0, '2021-06-01 16:59:43', '2021-06-01 16:59:43', NULL),
(75, '1012', '2021-05-26', '00:00', 'Time-In-Missing', '03:40', 'Half-Day', '-', NULL, 1, 0, '2021-06-01 16:59:43', '2021-06-01 16:59:43', NULL),
(76, '1012', '2021-05-26', '00:00', 'Time-In-Missing', '19:46', 'On-Time', '-', NULL, 1, 0, '2021-06-01 16:59:43', '2021-06-01 16:59:43', NULL),
(77, '1013', '2021-04-26', '14:33', 'Half-Day', NULL, NULL, NULL, NULL, 1, 0, '2021-06-01 16:59:43', '2021-06-01 16:59:43', NULL),
(78, '1013', '2021-04-27', '14:30', 'Half-Day', NULL, NULL, NULL, NULL, 1, 0, '2021-06-01 16:59:43', '2021-06-01 16:59:43', NULL),
(79, '1013', '2021-05-04', '14:24', 'Half-Day', NULL, NULL, NULL, NULL, 1, 0, '2021-06-01 16:59:43', '2021-06-01 16:59:43', NULL),
(80, '1013', '2021-05-06', '14:32', 'Half-Day', NULL, NULL, NULL, NULL, 1, 0, '2021-06-01 16:59:43', '2021-06-01 16:59:43', NULL),
(81, '1013', '2021-05-07', '14:14', 'Half-Day', NULL, NULL, NULL, NULL, 1, 0, '2021-06-01 16:59:43', '2021-06-01 16:59:43', NULL),
(82, '1013', '2021-05-17', '12:21', 'On-Time', NULL, NULL, NULL, NULL, 1, 0, '2021-06-01 16:59:43', '2021-06-01 16:59:43', NULL),
(83, '1013', '2021-05-17', '00:00', 'Time-In-Missing', '21:57', 'On-Time', '-', NULL, 1, 0, '2021-06-01 16:59:43', '2021-06-01 16:59:43', NULL),
(84, '1013', '2021-05-18', '12:15', 'On-Time', NULL, NULL, NULL, NULL, 1, 0, '2021-06-01 16:59:43', '2021-06-01 16:59:43', NULL),
(85, '1013', '2021-05-19', '12:08', 'On-Time', NULL, NULL, NULL, NULL, 1, 0, '2021-06-01 16:59:43', '2021-06-01 16:59:43', NULL),
(86, '1013', '2021-05-20', '12:14', 'On-Time', NULL, NULL, NULL, NULL, 1, 0, '2021-06-01 16:59:43', '2021-06-01 16:59:43', NULL),
(87, '1015', '2021-04-29', '00:00', 'Time-In-Missing', '10:18', 'On-Time', '-', NULL, 1, 0, '2021-06-01 16:59:43', '2021-06-01 16:59:43', NULL),
(88, '1015', '2021-05-01', '00:00', 'Time-In-Missing', '06:58', 'Half-Day', '-', NULL, 1, 0, '2021-06-01 16:59:43', '2021-06-01 16:59:43', NULL),
(89, '1015', '2021-05-10', '00:00', 'Time-In-Missing', '07:04', 'Half-Day', '-', NULL, 1, 0, '2021-06-01 16:59:43', '2021-06-01 16:59:43', NULL),
(90, '1015', '2021-05-10', '00:00', 'Time-In-Missing', '17:01', 'On-Time', '-', NULL, 1, 0, '2021-06-01 16:59:43', '2021-06-01 16:59:43', NULL),
(91, '1015', '2021-05-14', '00:00', 'Time-In-Missing', '20:47', 'On-Time', '-', NULL, 1, 0, '2021-06-01 16:59:43', '2021-06-01 16:59:43', NULL),
(92, '1015', '2021-05-15', '00:00', 'Time-In-Missing', '06:17', 'Half-Day', '-', NULL, 1, 0, '2021-06-01 16:59:43', '2021-06-01 16:59:43', NULL),
(93, '1015', '2021-05-17', '00:00', 'Time-In-Missing', '19:57', 'On-Time', '-', NULL, 1, 0, '2021-06-01 16:59:43', '2021-06-01 16:59:43', NULL),
(94, '1015', '2021-05-24', '00:00', 'Time-In-Missing', '20:58', 'On-Time', '-', NULL, 1, 0, '2021-06-01 16:59:43', '2021-06-01 16:59:43', NULL),
(95, '1015', '2021-05-25', '00:00', 'Time-In-Missing', '19:30', 'On-Time', '-', NULL, 1, 0, '2021-06-01 16:59:43', '2021-06-01 16:59:43', NULL),
(96, '1015', '2021-05-26', '00:00', 'Time-In-Missing', '06:01', 'Half-Day', '-', NULL, 1, 0, '2021-06-01 16:59:43', '2021-06-01 16:59:43', NULL),
(97, '1015', '2021-05-26', '00:00', 'Time-In-Missing', '18:51', 'On-Time', '-', NULL, 1, 0, '2021-06-01 16:59:43', '2021-06-01 16:59:43', NULL),
(98, '1016', '2021-04-29', '00:00', 'Time-In-Missing', '10:18', 'On-Time', '-', NULL, 1, 0, '2021-06-01 16:59:43', '2021-06-01 16:59:43', NULL),
(99, '1016', '2021-05-01', '00:00', 'Time-In-Missing', '06:58', 'On-Time', '-', NULL, 1, 0, '2021-06-01 16:59:43', '2021-06-01 16:59:43', NULL),
(100, '1016', '2021-05-14', '00:00', 'Time-In-Missing', '06:40', 'On-Time', '-', NULL, 1, 0, '2021-06-01 16:59:44', '2021-06-01 16:59:44', NULL),
(101, '1016', '2021-05-15', '00:00', 'Time-In-Missing', '06:16', 'On-Time', '-', NULL, 1, 0, '2021-06-01 16:59:44', '2021-06-01 16:59:44', NULL),
(102, '1016', '2021-05-24', '00:00', 'Time-In-Missing', '20:58', 'On-Time', '-', NULL, 1, 0, '2021-06-01 16:59:44', '2021-06-01 16:59:44', NULL),
(103, '1016', '2021-05-25', '00:00', 'Time-In-Missing', '19:29', 'On-Time', '-', NULL, 1, 0, '2021-06-01 16:59:44', '2021-06-01 16:59:44', NULL),
(104, '1016', '2021-05-26', '00:00', 'Time-In-Missing', '06:01', 'On-Time', '-', NULL, 1, 0, '2021-06-01 16:59:44', '2021-06-01 16:59:44', NULL),
(105, '1016', '2021-05-26', '00:00', 'Time-In-Missing', '18:51', 'On-Time', '-', NULL, 1, 0, '2021-06-01 16:59:44', '2021-06-01 16:59:44', NULL),
(106, '1017', '2021-04-29', '00:00', 'Time-In-Missing', '06:34', 'On-Time', '-', NULL, 1, 0, '2021-06-01 16:59:44', '2021-06-01 16:59:44', NULL),
(107, '1017', '2021-04-30', '00:00', 'Time-In-Missing', '06:23', 'On-Time', '-', NULL, 1, 0, '2021-06-01 16:59:44', '2021-06-01 16:59:44', NULL),
(108, '1017', '2021-05-01', '00:00', 'Time-In-Missing', '06:43', 'On-Time', '-', NULL, 1, 0, '2021-06-01 16:59:44', '2021-06-01 16:59:44', NULL),
(109, '1017', '2021-05-05', '21:04', 'On-Time', NULL, NULL, NULL, NULL, 1, 0, '2021-06-01 16:59:44', '2021-06-01 16:59:44', NULL),
(110, '1017', '2021-05-11', '21:18', 'On-Time', NULL, NULL, NULL, NULL, 1, 0, '2021-06-01 16:59:44', '2021-06-01 16:59:44', NULL),
(111, '1017', '2021-05-13', '00:00', 'Time-In-Missing', '04:55', 'Half-Day', '-', NULL, 1, 0, '2021-06-01 16:59:44', '2021-06-01 16:59:44', NULL),
(112, '1017', '2021-05-15', '00:00', 'Time-In-Missing', '05:22', 'Half-Day', '-', NULL, 1, 0, '2021-06-01 16:59:44', '2021-06-01 16:59:44', NULL),
(113, '1017', '2021-05-25', '00:00', 'Time-In-Missing', '18:06', 'On-Time', '-', NULL, 1, 0, '2021-06-01 16:59:44', '2021-06-01 16:59:44', NULL),
(114, '1017', '2021-05-26', '00:00', 'Time-In-Missing', '03:29', 'Half-Day', '-', NULL, 1, 0, '2021-06-01 16:59:44', '2021-06-01 16:59:44', NULL),
(115, '1017', '2021-05-26', '00:00', 'Time-In-Missing', '18:35', 'On-Time', '-', NULL, 1, 0, '2021-06-01 16:59:44', '2021-06-01 16:59:44', NULL),
(116, '1018', '2021-05-01', '00:00', 'Time-In-Missing', '06:31', 'On-Time', '-', NULL, 1, 0, '2021-06-01 16:59:44', '2021-06-01 16:59:44', NULL),
(117, '1018', '2021-05-13', '00:00', 'Time-In-Missing', '04:56', 'Half-Day', '-', NULL, 1, 0, '2021-06-01 16:59:44', '2021-06-01 16:59:44', NULL),
(118, '1018', '2021-05-13', '00:00', 'Time-In-Missing', '20:53', 'On-Time', '-', NULL, 1, 0, '2021-06-01 16:59:44', '2021-06-01 16:59:44', NULL),
(119, '1018', '2021-05-14', '00:00', 'Time-In-Missing', '06:00', 'On-Time', '-', NULL, 1, 0, '2021-06-01 16:59:44', '2021-06-01 16:59:44', NULL),
(120, '1018', '2021-05-25', '00:00', 'Time-In-Missing', '07:00', 'On-Time', '-', NULL, 1, 0, '2021-06-01 16:59:44', '2021-06-01 16:59:44', NULL),
(121, '1018', '2021-05-25', '00:00', 'Time-In-Missing', '18:06', 'On-Time', '-', NULL, 1, 0, '2021-06-01 16:59:44', '2021-06-01 16:59:44', NULL),
(122, '1018', '2021-05-26', '00:00', 'Time-In-Missing', '04:11', 'Half-Day', '-', NULL, 1, 0, '2021-06-01 16:59:44', '2021-06-01 16:59:44', NULL),
(123, '1018', '2021-05-26', '00:00', 'Time-In-Missing', '20:15', 'On-Time', '-', NULL, 1, 0, '2021-06-01 16:59:44', '2021-06-01 16:59:44', NULL),
(124, '1019', '2021-05-17', '00:00', 'Time-In-Missing', '21:57', 'On-Time', '-', NULL, 1, 0, '2021-06-01 16:59:44', '2021-06-01 16:59:44', NULL),
(125, '1020', '2021-04-27', '02:51', 'Half-Day', NULL, NULL, NULL, NULL, 1, 0, '2021-06-01 16:59:44', '2021-06-01 16:59:44', NULL),
(126, '1020', '2021-04-29', '00:00', 'Time-In-Missing', '03:33', 'On-Time', '-', NULL, 1, 0, '2021-06-01 16:59:44', '2021-06-01 16:59:44', NULL),
(127, '1020', '2021-04-29', '00:00', 'Time-In-Missing', '19:32', 'On-Time', '-', NULL, 1, 0, '2021-06-01 16:59:44', '2021-06-01 16:59:44', NULL),
(128, '1020', '2021-04-30', '00:00', 'Time-In-Missing', '03:33', 'On-Time', '-', NULL, 1, 0, '2021-06-01 16:59:44', '2021-06-01 16:59:44', NULL),
(129, '1020', '2021-04-30', '00:00', 'Time-In-Missing', '19:27', 'On-Time', '-', NULL, 1, 0, '2021-06-01 16:59:44', '2021-06-01 16:59:44', NULL),
(130, '1020', '2021-05-01', '00:00', 'Time-In-Missing', '03:30', 'On-Time', '-', NULL, 1, 0, '2021-06-01 16:59:44', '2021-06-01 16:59:44', NULL),
(131, '1020', '2021-05-03', '00:00', 'Time-In-Missing', '19:30', 'On-Time', '-', NULL, 1, 0, '2021-06-01 16:59:44', '2021-06-01 16:59:44', NULL),
(132, '1020', '2021-05-10', '00:00', 'Time-In-Missing', '19:38', 'On-Time', '-', NULL, 1, 0, '2021-06-01 16:59:44', '2021-06-01 16:59:44', NULL),
(133, '1020', '2021-05-14', '00:00', 'Time-In-Missing', '11:55', 'On-Time', '-', NULL, 1, 0, '2021-06-01 16:59:44', '2021-06-01 16:59:44', NULL),
(134, '1020', '2021-05-17', '00:00', 'Time-In-Missing', '12:01', 'On-Time', '-', NULL, 1, 0, '2021-06-01 16:59:44', '2021-06-01 16:59:44', NULL),
(135, '1020', '2021-05-17', '00:00', 'Time-In-Missing', '21:09', 'On-Time', '-', NULL, 1, 0, '2021-06-01 16:59:44', '2021-06-01 16:59:44', NULL),
(136, '1020', '2021-05-20', '00:23', 'On-Time', NULL, NULL, NULL, NULL, 1, 0, '2021-06-01 16:59:44', '2021-06-01 16:59:44', NULL),
(137, '1020', '2021-05-21', '00:26', 'On-Time', NULL, NULL, NULL, NULL, 1, 0, '2021-06-01 16:59:44', '2021-06-01 16:59:44', NULL),
(138, '1020', '2021-05-24', '00:00', 'Time-In-Missing', '18:27', 'On-Time', '-', NULL, 1, 0, '2021-06-01 16:59:44', '2021-06-01 16:59:44', NULL),
(139, '1020', '2021-05-25', '00:00', 'Time-In-Missing', '04:50', 'On-Time', '-', NULL, 1, 0, '2021-06-01 16:59:44', '2021-06-01 16:59:44', NULL),
(140, '1020', '2021-05-25', '00:00', 'Time-In-Missing', '18:18', 'On-Time', '-', NULL, 1, 0, '2021-06-01 16:59:44', '2021-06-01 16:59:44', NULL),
(141, '1020', '2021-05-26', '00:00', 'Time-In-Missing', '05:20', 'On-Time', '-', NULL, 1, 0, '2021-06-01 16:59:44', '2021-06-01 16:59:44', NULL),
(142, '1020', '2021-05-26', '00:00', 'Time-In-Missing', '18:21', 'On-Time', '-', NULL, 1, 0, '2021-06-01 16:59:44', '2021-06-01 16:59:44', NULL),
(143, '1021', '2021-04-29', '00:00', 'Time-In-Missing', '03:42', 'On-Time', '-', NULL, 1, 0, '2021-06-01 16:59:44', '2021-06-01 16:59:44', NULL),
(144, '1021', '2021-04-29', '00:00', 'Time-In-Missing', '19:33', 'On-Time', '-', NULL, 1, 0, '2021-06-01 16:59:44', '2021-06-01 16:59:44', NULL),
(145, '1021', '2021-04-30', '00:00', 'Time-In-Missing', '03:34', 'On-Time', '-', NULL, 1, 0, '2021-06-01 16:59:44', '2021-06-01 16:59:44', NULL),
(146, '1021', '2021-04-30', '00:00', 'Time-In-Missing', '19:33', 'On-Time', '-', NULL, 1, 0, '2021-06-01 16:59:44', '2021-06-01 16:59:44', NULL),
(147, '1021', '2021-05-01', '00:00', 'Time-In-Missing', '03:34', 'On-Time', '-', NULL, 1, 0, '2021-06-01 16:59:44', '2021-06-01 16:59:44', NULL),
(148, '1021', '2021-05-03', '00:00', 'Time-In-Missing', '19:35', 'On-Time', '-', NULL, 1, 0, '2021-06-01 16:59:44', '2021-06-01 16:59:44', NULL),
(149, '1021', '2021-05-10', '00:00', 'Time-In-Missing', '19:37', 'On-Time', '-', NULL, 1, 0, '2021-06-01 16:59:44', '2021-06-01 16:59:44', NULL),
(150, '1021', '2021-05-13', '00:00', 'Time-In-Missing', '03:33', 'On-Time', '-', NULL, 1, 0, '2021-06-01 16:59:44', '2021-06-01 16:59:44', NULL),
(151, '1021', '2021-05-14', '00:00', 'Time-In-Missing', '22:06', 'On-Time', '-', NULL, 1, 0, '2021-06-01 16:59:44', '2021-06-01 16:59:44', NULL),
(152, '1021', '2021-05-15', '00:00', 'Time-In-Missing', '06:11', 'On-Time', '-', NULL, 1, 0, '2021-06-01 16:59:44', '2021-06-01 16:59:44', NULL),
(153, '1021', '2021-05-17', '00:00', 'Time-In-Missing', '18:39', 'On-Time', '-', NULL, 1, 0, '2021-06-01 16:59:44', '2021-06-01 16:59:44', NULL),
(154, '1021', '2021-05-19', '00:22', 'On-Time', NULL, NULL, NULL, NULL, 1, 0, '2021-06-01 16:59:44', '2021-06-01 16:59:44', NULL),
(155, '1021', '2021-05-21', '00:21', 'On-Time', NULL, NULL, NULL, NULL, 1, 0, '2021-06-01 16:59:45', '2021-06-01 16:59:45', NULL),
(156, '1021', '2021-05-24', '00:00', 'Time-In-Missing', '18:27', 'On-Time', '-', NULL, 1, 0, '2021-06-01 16:59:45', '2021-06-01 16:59:45', NULL),
(157, '1021', '2021-05-25', '00:00', 'Time-In-Missing', '03:34', 'On-Time', '-', NULL, 1, 0, '2021-06-01 16:59:45', '2021-06-01 16:59:45', NULL),
(158, '1021', '2021-05-25', '00:00', 'Time-In-Missing', '18:11', 'On-Time', '-', NULL, 1, 0, '2021-06-01 16:59:45', '2021-06-01 16:59:45', NULL),
(159, '1021', '2021-05-26', '00:00', 'Time-In-Missing', '03:40', 'On-Time', '-', NULL, 1, 0, '2021-06-01 16:59:45', '2021-06-01 16:59:45', NULL),
(160, '1021', '2021-05-26', '00:00', 'Time-In-Missing', '18:21', 'On-Time', '-', NULL, 1, 0, '2021-06-01 16:59:45', '2021-06-01 16:59:45', NULL),
(161, '1022', '2021-04-26', '00:00', 'Time-In-Missing', '21:14', 'On-Time', '-', NULL, 1, 0, '2021-06-01 16:59:45', '2021-06-01 16:59:45', NULL),
(162, '1022', '2021-04-29', '00:00', 'Time-In-Missing', '06:34', 'On-Time', '-', NULL, 1, 0, '2021-06-01 16:59:45', '2021-06-01 16:59:45', NULL),
(163, '1022', '2021-04-29', '00:00', 'Time-In-Missing', '21:15', 'On-Time', '-', NULL, 1, 0, '2021-06-01 16:59:45', '2021-06-01 16:59:45', NULL),
(164, '1022', '2021-04-30', '00:00', 'Time-In-Missing', '06:23', 'On-Time', '-', NULL, 1, 0, '2021-06-01 16:59:45', '2021-06-01 16:59:45', NULL),
(165, '1022', '2021-04-30', '00:00', 'Time-In-Missing', '21:07', 'On-Time', '-', NULL, 1, 0, '2021-06-01 16:59:45', '2021-06-01 16:59:45', NULL),
(166, '1022', '2021-05-01', '00:00', 'Time-In-Missing', '06:19', 'On-Time', '-', NULL, 1, 0, '2021-06-01 16:59:45', '2021-06-01 16:59:45', NULL),
(167, '1022', '2021-05-03', '00:00', 'Time-In-Missing', '21:09', 'On-Time', '-', NULL, 1, 0, '2021-06-01 16:59:45', '2021-06-01 16:59:45', NULL),
(168, '1022', '2021-05-10', '00:00', 'Time-In-Missing', '21:07', 'On-Time', '-', NULL, 1, 0, '2021-06-01 16:59:45', '2021-06-01 16:59:45', NULL),
(169, '1022', '2021-05-13', '00:00', 'Time-In-Missing', '04:55', 'On-Time', '-', NULL, 1, 0, '2021-06-01 16:59:45', '2021-06-01 16:59:45', NULL),
(170, '1022', '2021-05-13', '00:00', 'Time-In-Missing', '21:06', 'On-Time', '-', NULL, 1, 0, '2021-06-01 16:59:45', '2021-06-01 16:59:45', NULL),
(171, '1022', '2021-05-14', '00:00', 'Time-In-Missing', '06:00', 'On-Time', '-', NULL, 1, 0, '2021-06-01 16:59:45', '2021-06-01 16:59:45', NULL),
(172, '1022', '2021-05-17', '00:00', 'Time-In-Missing', '21:08', 'On-Time', '-', NULL, 1, 0, '2021-06-01 16:59:45', '2021-06-01 16:59:45', NULL),
(173, '1022', '2021-05-24', '00:00', 'Time-In-Missing', '21:11', 'On-Time', '-', NULL, 1, 0, '2021-06-01 16:59:45', '2021-06-01 16:59:45', NULL),
(174, '1022', '2021-05-25', '00:00', 'Time-In-Missing', '06:31', 'On-Time', '-', NULL, 1, 0, '2021-06-01 16:59:45', '2021-06-01 16:59:45', NULL),
(175, '1022', '2021-05-26', '00:00', 'Time-In-Missing', '03:27', 'On-Time', '-', NULL, 1, 0, '2021-06-01 16:59:45', '2021-06-01 16:59:45', NULL),
(176, '1022', '2021-05-26', '00:00', 'Time-In-Missing', '18:22', 'On-Time', '-', NULL, 1, 0, '2021-06-01 16:59:45', '2021-06-01 16:59:45', NULL),
(177, '1024', '2021-04-29', '00:00', 'Time-In-Missing', '06:58', 'On-Time', '-', NULL, 1, 0, '2021-06-01 16:59:45', '2021-06-01 16:59:45', NULL),
(178, '1024', '2021-04-29', '00:00', 'Time-In-Missing', '21:54', 'On-Time', '-', NULL, 1, 0, '2021-06-01 16:59:45', '2021-06-01 16:59:45', NULL),
(179, '1024', '2021-04-30', '00:00', 'Time-In-Missing', '07:04', 'On-Time', '-', NULL, 1, 0, '2021-06-01 16:59:45', '2021-06-01 16:59:45', NULL),
(180, '1024', '2021-05-01', '00:00', 'Time-In-Missing', '06:28', 'On-Time', '-', NULL, 1, 0, '2021-06-01 16:59:45', '2021-06-01 16:59:45', NULL),
(181, '1024', '2021-05-03', '00:00', 'Time-In-Missing', '22:07', 'On-Time', '-', NULL, 1, 0, '2021-06-01 16:59:45', '2021-06-01 16:59:45', NULL),
(182, '1024', '2021-05-14', '00:00', 'Time-In-Missing', '22:49', 'On-Time', '-', NULL, 1, 0, '2021-06-01 16:59:45', '2021-06-01 16:59:45', NULL),
(183, '1024', '2021-05-15', '00:00', 'Time-In-Missing', '06:21', 'On-Time', '-', NULL, 1, 0, '2021-06-01 16:59:45', '2021-06-01 16:59:45', NULL),
(184, '1024', '2021-05-24', '00:00', 'Time-In-Missing', '22:31', 'On-Time', '-', NULL, 1, 0, '2021-06-01 16:59:45', '2021-06-01 16:59:45', NULL),
(185, '1024', '2021-05-25', '00:00', 'Time-In-Missing', '06:59', 'On-Time', '-', NULL, 1, 0, '2021-06-01 16:59:45', '2021-06-01 16:59:45', NULL),
(186, '1024', '2021-05-25', '00:00', 'Time-In-Missing', '19:30', 'On-Time', '-', NULL, 1, 0, '2021-06-01 16:59:45', '2021-06-01 16:59:45', NULL),
(187, '1024', '2021-05-26', '00:00', 'Time-In-Missing', '04:45', 'On-Time', '-', NULL, 1, 0, '2021-06-01 16:59:45', '2021-06-01 16:59:45', NULL),
(188, '1024', '2021-05-26', '00:00', 'Time-In-Missing', '04:50', 'On-Time', '-', NULL, 1, 0, '2021-06-01 16:59:45', '2021-06-01 16:59:45', NULL),
(189, '1024', '2021-05-26', '00:00', 'Time-In-Missing', '19:18', 'On-Time', '-', NULL, 1, 0, '2021-06-01 16:59:45', '2021-06-01 16:59:45', NULL),
(190, '1027', '2021-04-26', '00:00', 'Time-In-Missing', '20:45', 'On-Time', '-', NULL, 1, 0, '2021-06-01 16:59:45', '2021-06-01 16:59:45', NULL),
(191, '1027', '2021-04-29', '00:00', 'Time-In-Missing', '07:42', 'On-Time', '-', NULL, 1, 0, '2021-06-01 16:59:45', '2021-06-01 16:59:45', NULL),
(192, '1027', '2021-04-29', '00:00', 'Time-In-Missing', '20:51', 'On-Time', '-', NULL, 1, 0, '2021-06-01 16:59:45', '2021-06-01 16:59:45', NULL),
(193, '1027', '2021-05-01', '00:00', 'Time-In-Missing', '06:58', 'On-Time', '-', NULL, 1, 0, '2021-06-01 16:59:45', '2021-06-01 16:59:45', NULL),
(194, '1027', '2021-05-03', '00:00', 'Time-In-Missing', '20:08', 'On-Time', '-', NULL, 1, 0, '2021-06-01 16:59:45', '2021-06-01 16:59:45', NULL),
(195, '1027', '2021-05-10', '00:00', 'Time-In-Missing', '21:34', 'On-Time', '-', NULL, 1, 0, '2021-06-01 16:59:45', '2021-06-01 16:59:45', NULL),
(196, '1027', '2021-05-13', '00:00', 'Time-In-Missing', '04:59', 'Half-Day', '-', NULL, 1, 0, '2021-06-01 16:59:45', '2021-06-01 16:59:45', NULL),
(197, '1027', '2021-05-13', '00:00', 'Time-In-Missing', '20:37', 'On-Time', '-', NULL, 1, 0, '2021-06-01 16:59:45', '2021-06-01 16:59:45', NULL),
(198, '1027', '2021-05-14', '00:00', 'Time-In-Missing', '06:26', 'On-Time', '-', NULL, 1, 0, '2021-06-01 16:59:45', '2021-06-01 16:59:45', NULL),
(199, '1027', '2021-05-14', '00:00', 'Time-In-Missing', '15:57', 'On-Time', '-', NULL, 1, 0, '2021-06-01 16:59:45', '2021-06-01 16:59:45', NULL),
(200, '1027', '2021-05-17', '00:00', 'Time-In-Missing', '18:55', 'On-Time', '-', NULL, 1, 0, '2021-06-01 16:59:45', '2021-06-01 16:59:45', NULL),
(201, '1027', '2021-05-24', '00:00', 'Time-In-Missing', '20:07', 'On-Time', '-', NULL, 1, 0, '2021-06-01 16:59:45', '2021-06-01 16:59:45', NULL),
(202, '1027', '2021-05-25', '00:00', 'Time-In-Missing', '06:50', 'On-Time', '-', NULL, 1, 0, '2021-06-01 16:59:45', '2021-06-01 16:59:45', NULL),
(203, '1027', '2021-05-25', '00:00', 'Time-In-Missing', '18:11', 'On-Time', '-', NULL, 1, 0, '2021-06-01 16:59:45', '2021-06-01 16:59:45', NULL),
(204, '1027', '2021-05-26', '00:00', 'Time-In-Missing', '05:45', 'Early-Out', '-', NULL, 1, 0, '2021-06-01 16:59:45', '2021-06-01 16:59:45', NULL),
(205, '1027', '2021-05-26', '00:00', 'Time-In-Missing', '20:18', 'On-Time', '-', NULL, 1, 0, '2021-06-01 16:59:45', '2021-06-01 16:59:45', NULL),
(206, '1032', '2021-04-26', '00:00', 'Time-In-Missing', '18:23', 'On-Time', '-', NULL, 1, 0, '2021-06-01 16:59:46', '2021-06-01 16:59:46', NULL),
(207, '1032', '2021-04-29', '00:00', 'Time-In-Missing', '18:18', 'On-Time', '-', NULL, 1, 0, '2021-06-01 16:59:46', '2021-06-01 16:59:46', NULL),
(208, '1032', '2021-04-30', '00:00', 'Time-In-Missing', '03:05', 'On-Time', '-', NULL, 1, 0, '2021-06-01 16:59:46', '2021-06-01 16:59:46', NULL),
(209, '1032', '2021-04-30', '00:00', 'Time-In-Missing', '20:58', 'On-Time', '-', NULL, 1, 0, '2021-06-01 16:59:46', '2021-06-01 16:59:46', NULL),
(210, '1032', '2021-05-01', '00:00', 'Time-In-Missing', '06:45', 'On-Time', '-', NULL, 1, 0, '2021-06-01 16:59:46', '2021-06-01 16:59:46', NULL),
(211, '1032', '2021-05-03', '00:00', 'Time-In-Missing', '18:23', 'On-Time', '-', NULL, 1, 0, '2021-06-01 16:59:46', '2021-06-01 16:59:46', NULL),
(212, '1032', '2021-05-10', '00:00', 'Time-In-Missing', '21:07', 'On-Time', '-', NULL, 1, 0, '2021-06-01 16:59:46', '2021-06-01 16:59:46', NULL),
(213, '1032', '2021-05-13', '00:00', 'Time-In-Missing', '18:15', 'On-Time', '-', NULL, 1, 0, '2021-06-01 16:59:46', '2021-06-01 16:59:46', NULL),
(214, '1032', '2021-05-14', '00:00', 'Time-In-Missing', '03:03', 'On-Time', '-', NULL, 1, 0, '2021-06-01 16:59:46', '2021-06-01 16:59:46', NULL),
(215, '1032', '2021-05-17', '00:00', 'Time-In-Missing', '18:17', 'On-Time', '-', NULL, 1, 0, '2021-06-01 16:59:46', '2021-06-01 16:59:46', NULL),
(216, '1032', '2021-05-25', '00:00', 'Time-In-Missing', '03:04', 'On-Time', '-', NULL, 1, 0, '2021-06-01 16:59:46', '2021-06-01 16:59:46', NULL),
(217, '1032', '2021-05-25', '00:00', 'Time-In-Missing', '18:22', 'On-Time', '-', NULL, 1, 0, '2021-06-01 16:59:46', '2021-06-01 16:59:46', NULL),
(218, '1032', '2021-05-26', '00:00', 'Time-In-Missing', '05:46', 'On-Time', '-', NULL, 1, 0, '2021-06-01 16:59:46', '2021-06-01 16:59:46', NULL),
(219, '1032', '2021-05-26', '00:00', 'Time-In-Missing', '18:25', 'On-Time', '-', NULL, 1, 0, '2021-06-01 16:59:46', '2021-06-01 16:59:46', NULL),
(220, '1036', '2021-04-26', '00:00', 'Time-In-Missing', '06:11', 'On-Time', '-', NULL, 1, 0, '2021-06-01 16:59:46', '2021-06-01 16:59:46', NULL),
(221, '1036', '2021-05-03', '00:00', 'Time-In-Missing', '06:14', 'On-Time', '-', NULL, 1, 0, '2021-06-01 16:59:46', '2021-06-01 16:59:46', NULL),
(222, '1036', '2021-05-03', '00:00', 'Time-In-Missing', '14:49', 'On-Time', '-', NULL, 1, 0, '2021-06-01 16:59:46', '2021-06-01 16:59:46', NULL),
(223, '1036', '2021-05-10', '00:00', 'Time-In-Missing', '06:16', 'On-Time', '-', NULL, 1, 0, '2021-06-01 16:59:46', '2021-06-01 16:59:46', NULL),
(224, '1036', '2021-05-10', '00:00', 'Time-In-Missing', '16:04', 'On-Time', '-', NULL, 1, 0, '2021-06-01 16:59:46', '2021-06-01 16:59:46', NULL),
(225, '1036', '2021-05-14', '00:00', 'Time-In-Missing', '10:31', 'On-Time', '-', NULL, 1, 0, '2021-06-01 16:59:46', '2021-06-01 16:59:46', NULL),
(226, '1036', '2021-05-14', '00:00', 'Time-In-Missing', '16:45', 'On-Time', '-', NULL, 1, 0, '2021-06-01 16:59:46', '2021-06-01 16:59:46', NULL),
(227, '1036', '2021-05-17', '00:00', 'Time-In-Missing', '22:00', 'On-Time', '-', NULL, 1, 0, '2021-06-01 16:59:46', '2021-06-01 16:59:46', NULL),
(228, '1037', '2021-04-30', '00:00', 'Time-In-Missing', '03:03', 'On-Time', '-', NULL, 1, 0, '2021-06-01 16:59:46', '2021-06-01 16:59:46', NULL),
(229, '1037', '2021-05-03', '00:00', 'Time-In-Missing', '21:34', 'On-Time', '-', NULL, 1, 0, '2021-06-01 16:59:46', '2021-06-01 16:59:46', NULL),
(230, '1037', '2021-05-10', '00:00', 'Time-In-Missing', '22:09', 'On-Time', '-', NULL, 1, 0, '2021-06-01 16:59:46', '2021-06-01 16:59:46', NULL),
(231, '1037', '2021-05-14', '00:00', 'Time-In-Missing', '21:19', 'On-Time', '-', NULL, 1, 0, '2021-06-01 16:59:46', '2021-06-01 16:59:46', NULL),
(232, '1037', '2021-05-17', '00:00', 'Time-In-Missing', '21:22', 'On-Time', '-', NULL, 1, 0, '2021-06-01 16:59:46', '2021-06-01 16:59:46', NULL),
(233, '1037', '2021-05-24', '00:00', 'Time-In-Missing', '21:46', 'On-Time', '-', NULL, 1, 0, '2021-06-01 16:59:46', '2021-06-01 16:59:46', NULL),
(234, '1037', '2021-05-25', '00:00', 'Time-In-Missing', '04:47', 'On-Time', '-', NULL, 1, 0, '2021-06-01 16:59:46', '2021-06-01 16:59:46', NULL),
(235, '1041', '2021-05-24', '00:00', 'Time-In-Missing', '21:00', 'On-Time', '-', NULL, 1, 0, '2021-06-01 16:59:46', '2021-06-01 16:59:46', NULL),
(236, '1041', '2021-05-25', '00:00', 'Time-In-Missing', '18:08', 'On-Time', '-', NULL, 1, 0, '2021-06-01 16:59:46', '2021-06-01 16:59:46', NULL),
(237, '1041', '2021-05-26', '00:00', 'Time-In-Missing', '03:20', 'On-Time', '-', NULL, 1, 0, '2021-06-01 16:59:46', '2021-06-01 16:59:46', NULL),
(238, '1041', '2021-05-26', '00:00', 'Time-In-Missing', '18:15', 'On-Time', '-', NULL, 1, 0, '2021-06-01 16:59:46', '2021-06-01 16:59:46', NULL),
(239, '1042', '2021-05-24', '00:00', 'Time-In-Missing', '21:06', 'On-Time', '-', NULL, 1, 0, '2021-06-01 16:59:46', '2021-06-01 16:59:46', NULL),
(240, '1042', '2021-05-25', '00:00', 'Time-In-Missing', '06:19', 'On-Time', '-', NULL, 1, 0, '2021-06-01 16:59:46', '2021-06-01 16:59:46', NULL),
(241, '1042', '2021-05-25', '00:00', 'Time-In-Missing', '18:13', 'On-Time', '-', NULL, 1, 0, '2021-06-01 16:59:46', '2021-06-01 16:59:46', NULL),
(242, '1042', '2021-05-26', '00:00', 'Time-In-Missing', '03:17', 'On-Time', '-', NULL, 1, 0, '2021-06-01 16:59:46', '2021-06-01 16:59:46', NULL),
(243, '1042', '2021-05-26', '00:00', 'Time-In-Missing', '18:45', 'On-Time', '-', NULL, 1, 0, '2021-06-01 16:59:46', '2021-06-01 16:59:46', NULL);

-- --------------------------------------------------------

--
-- Table structure for table `attributes`
--

CREATE TABLE `attributes` (
  `id` int(10) UNSIGNED NOT NULL,
  `project_id` int(11) DEFAULT NULL,
  `attribute` varchar(255) COLLATE utf8mb4_unicode_ci NOT NULL,
  `name` varchar(255) COLLATE utf8mb4_unicode_ci DEFAULT NULL,
  `role` varchar(255) COLLATE utf8mb4_unicode_ci DEFAULT NULL,
  `color` varchar(255) COLLATE utf8mb4_unicode_ci DEFAULT NULL,
  `model` varchar(255) COLLATE utf8mb4_unicode_ci DEFAULT NULL,
  `icon` varchar(20) COLLATE utf8mb4_unicode_ci DEFAULT NULL,
  `is_active` tinyint(4) NOT NULL DEFAULT 1,
  `is_deleted` tinyint(4) NOT NULL DEFAULT 0,
  `created_at` timestamp NOT NULL DEFAULT current_timestamp(),
  `updated_at` timestamp NOT NULL DEFAULT current_timestamp() ON UPDATE current_timestamp(),
  `deleted_at` timestamp NULL DEFAULT NULL
) ENGINE=InnoDB DEFAULT CHARSET=utf8mb4 COLLATE=utf8mb4_unicode_ci;

--
-- Dumping data for table `attributes`
--

INSERT INTO `attributes` (`id`, `project_id`, `attribute`, `name`, `role`, `color`, `model`, `icon`, `is_active`, `is_deleted`, `created_at`, `updated_at`, `deleted_at`) VALUES
(1, 0, 'roles', 'Super Admin', 'Super Admin', '#00ffe5', NULL, 'icon-wallet', 1, 0, '2021-05-12 00:45:00', '2021-12-08 21:50:14', NULL),
(2, 0, 'roles', 'Instructor', 'Instructor', '#0084ff', NULL, 'icon-wallet', 1, 1, '2021-05-12 00:45:13', '2022-02-03 17:42:37', NULL),
(3, 0, 'roles', 'Player', 'Player', '#b3ff00', NULL, 'icon-wallet', 1, 1, '2021-05-12 00:46:30', '2022-02-02 20:49:42', NULL),
(4, 0, 'roles', 'Customer', 'Customer', '#ff5c33', NULL, 'icon-wallet', 1, 1, '2021-05-12 00:46:51', '2022-02-02 20:50:14', NULL),
(5, 0, 'user-creation', 'User Creation', 'User', '#5821ab', NULL, 'icon-diamond', 0, 1, '2021-06-21 22:22:06', '2022-02-02 20:28:17', NULL),
(6, 0, 'education', 'Education', 'Education', '#e2ff42 ', NULL, 'icon-fire', 0, 1, '2021-06-21 22:22:06', '2022-02-02 20:27:09', NULL),
(7, 0, 'weekly-breakdown', 'Weekly Breakdown', 'Weekly Breakdown', '#ffbc42', NULL, 'icon-support', 0, 1, '2021-06-21 22:22:06', '2022-02-02 20:27:12', NULL),
(8, 0, 'midweek-market-review', 'Midweek Market Review', 'Midweek Market Review', '#ff4242', NULL, 'icon-support', 0, 1, '2021-06-21 22:22:06', '2022-02-02 20:27:15', NULL),
(9, 0, 'monthly-signals-report', 'Monthly Signals Report', 'Monthly Signals Report', '#7ea505', NULL, 'icon-calendar', 0, 1, '2021-06-21 22:22:06', '2022-02-02 20:27:17', NULL),
(10, 0, 'billing', 'Billing', 'Billing', '#b3ff00', NULL, 'icon-book-open', 0, 1, '2021-05-12 00:46:30', '2022-02-02 20:27:20', NULL),
(11, 0, 'testimonials', 'testimonials', 'testimonials', '#bb4646 ', 'testimonials', 'icon-people', 1, 0, '2021-05-12 00:45:00', '2021-12-21 01:37:58', NULL),
(12, 0, 'partners', 'partners', 'partners', '#bb4646', 'partners', 'icon-people', 1, 0, '2022-02-18 22:50:52', '2022-02-22 22:43:08', NULL),
(13, 0, 'packages', 'Packages', 'Packages', '#09bbff', 'packages ', 'icon-wrench', 0, 1, '2021-06-21 22:22:06', '2022-03-02 17:54:37', NULL),
(14, 0, 'faqs', 'Faqs', 'Faqs', '#ffca09', 'faqs', 'icon-badge', 0, 1, '2021-06-21 22:22:06', '2022-03-02 17:54:41', NULL),
(15, 0, 'peaktop', 'Peaktop', 'Peaktop', '#bb4646', 'peaktop', 'icon-badge', 0, 1, '2021-12-20 19:02:18', '2022-03-02 17:54:45', NULL),
(16, 0, 'ourwork', 'ourwork', 'ourwork', '#bb4646', 'ourwork', 'icon-badge', 1, 0, '2021-12-20 22:23:01', '2022-03-02 17:54:49', NULL),
(17, 0, 'cms', 'cms', 'cms', '#bb4646', 'cms', 'icon-badge', 0, 1, '2021-12-21 17:44:58', '2022-03-02 17:54:54', NULL),
(18, 0, 'contact', 'contact', 'contact', '#bb4646', 'contact', 'icon-badge', 1, 0, '2021-12-22 21:11:33', '2022-03-02 17:54:59', NULL),
(19, NULL, 'blog', 'blog', 'blog', '#bb4646', 'blog', 'icon-badge', 1, 0, '2022-02-16 22:35:20', '2022-03-02 17:56:19', NULL),
(31, 0, 'category', 'category', 'category', '#bb4646', 'category', 'fas fa-shopping-cart', 1, 0, '2021-12-23 21:24:18', '2022-03-02 17:55:57', NULL),
(32, NULL, 'colour', 'colour', 'colour', '#bb4646', 'colour', 'fas fa-shopping-cart', 1, 0, '2022-02-17 02:09:16', '2022-03-02 17:56:00', NULL),
(33, NULL, 'size', 'size', 'size', '#bb4646', 'size', 'fas fa-shopping-cart', 1, 0, '2022-02-17 02:09:36', '2022-03-02 17:56:04', NULL),
(34, 0, 'product', 'product', 'product', '#bb4646', 'product', 'fas fa-shopping-cart', 1, 0, '2021-12-25 02:28:49', '2022-03-02 17:56:06', NULL),
(35, 0, 'product_list', 'product_list', 'product_list', '#bb4646', 'product_list', 'fas fa-shopping-cart', 1, 0, '2021-12-28 21:44:05', '2022-03-02 17:56:09', NULL),
(36, NULL, 'coupon', 'coupon', 'coupon', '#bb4646', 'coupon', 'fas fa-shopping-cart', 1, 0, '2022-02-22 22:42:56', '2022-03-02 17:59:59', NULL),
(41, 0, 'team', 'team', 'team', '#bb4646', 'team', 'icon-badge', 1, 0, '2021-12-22 23:15:10', '2022-03-02 17:57:50', NULL),
(42, 0, 'player', 'player', 'player', '#bb4646', 'player', 'icon-people', 1, 0, '2022-01-10 20:18:42', '2022-03-02 17:57:59', NULL),
(43, 0, 'player_position_stats', 'player_position_stats', 'player_position_stats', '#bb4646', 'player_position_stats', 'icon-people', 1, 0, '2022-01-10 20:42:28', '2022-03-02 17:58:03', NULL),
(44, 0, 'player_all_stats', 'player_all_stats', 'player_all_stats', '#bb4646', 'player_all_stats', 'icon-people', 1, 0, '2022-01-10 23:24:31', '2022-03-02 17:58:05', NULL),
(45, 0, 'player_pitcher_stats', 'player_pitcher_stats', 'player_pitcher_stats', '#bb4646', 'player_pitcher_stats', 'icon-people', 1, 0, '2022-01-11 00:09:56', '2022-03-02 17:58:08', NULL),
(46, NULL, 'videos', 'videos', 'videos', '#bb4646', 'videos', 'icon-badge', 1, 0, '2022-02-17 00:34:04', '2022-03-02 17:58:34', NULL),
(47, NULL, 'instructors', 'instructors', 'instructors', '#bb4646', 'instructors', 'icon-people', 1, 0, '2022-02-04 01:18:02', '2022-03-02 17:58:42', NULL),
(48, NULL, 'instructor_profile', 'instructor profile', 'instructor_profile', '#bb4646', 'instructor_profile', 'icon-people', 1, 0, '2022-02-04 22:43:50', '2022-03-02 17:58:45', NULL),
(49, NULL, 'playerVideo', 'playerVideo', 'playerVideo', '#bb4646', 'playerVideo', 'icon-badge', 1, 0, '2022-02-17 01:45:19', '2022-03-02 17:58:49', NULL),
(61, 0, 'orders', 'orders', 'orders', '#bb4646', 'orders', 'icon-people', 1, 0, '2022-01-10 20:18:42', '2022-03-02 17:59:26', NULL),
(62, NULL, 'customerDetails', 'customerDetails', 'customerDetails', '#bb4646', 'customerDetails', 'icon-people', 1, 0, '2022-02-24 23:00:33', '2022-03-02 17:59:30', NULL);

-- --------------------------------------------------------

--
-- Table structure for table `blog`
--

CREATE TABLE `blog` (
  `id` int(11) NOT NULL,
  `user_id` int(11) NOT NULL,
  `title` varchar(512) NOT NULL,
  `desc` text NOT NULL,
  `image` varchar(512) DEFAULT NULL,
  `thumbnail` varchar(255) DEFAULT NULL,
  `link` varchar(255) DEFAULT NULL,
  `is_active` tinyint(4) NOT NULL DEFAULT 1,
  `is_deleted` tinyint(4) NOT NULL DEFAULT 0,
  `created_at` timestamp NOT NULL DEFAULT current_timestamp(),
  `updated_at` timestamp NOT NULL DEFAULT current_timestamp() ON UPDATE current_timestamp(),
  `deleted_at` timestamp NULL DEFAULT NULL
) ENGINE=InnoDB DEFAULT CHARSET=utf8mb4;

--
-- Dumping data for table `blog`
--

INSERT INTO `blog` (`id`, `user_id`, `title`, `desc`, `image`, `thumbnail`, `link`, `is_active`, `is_deleted`, `created_at`, `updated_at`, `deleted_at`) VALUES
(14, 1, 'Blog 1', '<p>Theres no arguing that velocity has made it&rsquo;s way into pitching and is a corner stone of great pitchers. If you don&rsquo;t throw 90+ in this game than the odds aren&rsquo;t in your favor!</p>\r\n\r\n<p>The average velo in the majors has jumped over the last 5-10 years pretty consistently and that average is now 93.8 for pitchers. But this has so much more to do with the game than just pitching.</p>\r\n\r\n<p>If you look at the fastest thrown ball by fielders&hellip;105!!! Aaron Hicks threw the ball 105 from the outfield and put it on the money to gun down Danny Valencia at home.</p>\r\n\r\n<p>Velocity gives you more time to slow this game down. If you throw the ball 90+ across the infield vs. 80 or even 70, then it allows you more time to read a hop, set your feet, make an accurate throw.</p>\r\n\r\n<p>So try to follow this math here for me&hellip;</p>\r\n\r\n<p>Short Stop throw is anywhere from 120ft-150ft&hellip; lets call it 135ft for simplicity sakes&hellip;</p>\r\n\r\n<p>Distance to first 90ft&hellip;average home to first time equals 4.2 secs&hellip;sprinting stride length roughly 7-8ft&hellip;that means 1 stride equals .35secs</p>\r\n\r\n<p>So average exit velo for High School is 85mph&hellip;hit towards the hole which is around 130 feet&hellip;which means it reaches your glove in roughly 1.04 seconds if we forget resistance from grass&hellip;</p>\r\n\r\n<p>This means 90mph ball reaches first in 1.02sec 80mph ball reaches first in 1.15sec 70mph ball reaches first in 1.31sec</p>\r\n\r\n<p>This isn&rsquo;t even accounting for magnus effect, spin rate, which theoretically a ball thrown at 90mph will have a higher spin rate vs 70mph thrown ball. Which in returns means that the ball will start to lose more velocity and distance as it travels in the air. Meaning that 70 or 80 mph thrown ball may not even reach first base if thrown at the same trajectory as the 90mph ball&hellip;but back to an ideal situation with not resistance</p>\r\n\r\n<p>This means that in a perfect scenario at 90mph you have roughly 2.14 seconds to field the ball cleanly, transfer to throwing hand, and throw a dart to first&hellip;Versus 70mph where you only have 1.85second, a difference of .29 seconds. Which is almost the difference between 1 stride which is the difference between safe or out.</p>\r\n\r\n<p>So think about the time where you bobbled the ball because you didn&rsquo;t have the arm strength to sit back and grab a good hop. And you threw that over to first at 70mph rather than 90mph and the guy was safe because of it. Arm strength is one of the staples for all great players no matter if you are a pitcher, infielder, catcher, etc. Make sure you are taking care of your arm and gaining mph.</p>\r\n', 'uploads/blog/1645663140_6010nl-HW-Savvy-Black-White.png', NULL, NULL, 1, 0, '2022-02-23 19:39:00', '2022-02-23 19:39:00', NULL),
(15, 1, 'Blog 2', '<p>Theres no arguing that velocity has made it&rsquo;s way into pitching and is a corner stone of great pitchers. If you don&rsquo;t throw 90+ in this game than the odds aren&rsquo;t in your favor!</p>\r\n\r\n<p>The average velo in the majors has jumped over the last 5-10 years pretty consistently and that average is now 93.8 for pitchers. But this has so much more to do with the game than just pitching.</p>\r\n\r\n<p>If you look at the fastest thrown ball by fielders&hellip;105!!! Aaron Hicks threw the ball 105 from the outfield and put it on the money to gun down Danny Valencia at home.</p>\r\n\r\n<p>Velocity gives you more time to slow this game down. If you throw the ball 90+ across the infield vs. 80 or even 70, then it allows you more time to read a hop, set your feet, make an accurate throw.</p>\r\n\r\n<p>So try to follow this math here for me&hellip;</p>\r\n\r\n<p>Short Stop throw is anywhere from 120ft-150ft&hellip; lets call it 135ft for simplicity sakes&hellip;</p>\r\n\r\n<p>Distance to first 90ft&hellip;average home to first time equals 4.2 secs&hellip;sprinting stride length roughly 7-8ft&hellip;that means 1 stride equals .35secs</p>\r\n\r\n<p>So average exit velo for High School is 85mph&hellip;hit towards the hole which is around 130 feet&hellip;which means it reaches your glove in roughly 1.04 seconds if we forget resistance from grass&hellip;</p>\r\n\r\n<p>This means 90mph ball reaches first in 1.02sec 80mph ball reaches first in 1.15sec 70mph ball reaches first in 1.31sec</p>\r\n\r\n<p>This isn&rsquo;t even accounting for magnus effect, spin rate, which theoretically a ball thrown at 90mph will have a higher spin rate vs 70mph thrown ball. Which in returns means that the ball will start to lose more velocity and distance as it travels in the air. Meaning that 70 or 80 mph thrown ball may not even reach first base if thrown at the same trajectory as the 90mph ball&hellip;but back to an ideal situation with not resistance</p>\r\n\r\n<p>This means that in a perfect scenario at 90mph you have roughly 2.14 seconds to field the ball cleanly, transfer to throwing hand, and throw a dart to first&hellip;Versus 70mph where you only have 1.85second, a difference of .29 seconds. Which is almost the difference between 1 stride which is the difference between safe or out.</p>\r\n\r\n<p>So think about the time where you bobbled the ball because you didn&rsquo;t have the arm strength to sit back and grab a good hop. And you threw that over to first at 70mph rather than 90mph and the guy was safe because of it. Arm strength is one of the staples for all great players no matter if you are a pitcher, infielder, catcher, etc. Make sure you are taking care of your arm and gaining mph.</p>\r\n', 'uploads/blog/1645663434_businessman-icon-vector-male-avatar-profile-image-profile-businessman-icon-vector-male-avatar-profile-image-182095609.jpg', NULL, NULL, 1, 0, '2022-02-23 19:39:52', '2022-02-23 19:43:54', NULL),
(16, 1, 'Blog 3', '<p>Theres no arguing that velocity has made it&rsquo;s way into pitching and is a corner stone of great pitchers. If you don&rsquo;t throw 90+ in this game than the odds aren&rsquo;t in your favor!</p>\r\n\r\n<p>The average velo in the majors has jumped over the last 5-10 years pretty consistently and that average is now 93.8 for pitchers. But this has so much more to do with the game than just pitching.</p>\r\n\r\n<p>If you look at the fastest thrown ball by fielders&hellip;105!!! Aaron Hicks threw the ball 105 from the outfield and put it on the money to gun down Danny Valencia at home.</p>\r\n\r\n<p>Velocity gives you more time to slow this game down. If you throw the ball 90+ across the infield vs. 80 or even 70, then it allows you more time to read a hop, set your feet, make an accurate throw.</p>\r\n\r\n<p>So try to follow this math here for me&hellip;</p>\r\n\r\n<p>Short Stop throw is anywhere from 120ft-150ft&hellip; lets call it 135ft for simplicity sakes&hellip;</p>\r\n\r\n<p>Distance to first 90ft&hellip;average home to first time equals 4.2 secs&hellip;sprinting stride length roughly 7-8ft&hellip;that means 1 stride equals .35secs</p>\r\n\r\n<p>So average exit velo for High School is 85mph&hellip;hit towards the hole which is around 130 feet&hellip;which means it reaches your glove in roughly 1.04 seconds if we forget resistance from grass&hellip;</p>\r\n\r\n<p>This means 90mph ball reaches first in 1.02sec 80mph ball reaches first in 1.15sec 70mph ball reaches first in 1.31sec</p>\r\n\r\n<p>This isn&rsquo;t even accounting for magnus effect, spin rate, which theoretically a ball thrown at 90mph will have a higher spin rate vs 70mph thrown ball. Which in returns means that the ball will start to lose more velocity and distance as it travels in the air. Meaning that 70 or 80 mph thrown ball may not even reach first base if thrown at the same trajectory as the 90mph ball&hellip;but back to an ideal situation with not resistance</p>\r\n\r\n<p>This means that in a perfect scenario at 90mph you have roughly 2.14 seconds to field the ball cleanly, transfer to throwing hand, and throw a dart to first&hellip;Versus 70mph where you only have 1.85second, a difference of .29 seconds. Which is almost the difference between 1 stride which is the difference between safe or out.</p>\r\n\r\n<p>So think about the time where you bobbled the ball because you didn&rsquo;t have the arm strength to sit back and grab a good hop. And you threw that over to first at 70mph rather than 90mph and the guy was safe because of it. Arm strength is one of the staples for all great players no matter if you are a pitcher, infielder, catcher, etc. Make sure you are taking care of your arm and gaining mph.</p>\r\n', NULL, 'uploads/blog/1645663231_6010nl-VN-Savvy-White.png', 'https://www.youtube.com/watch?v=aWzlQ2N6qqg', 1, 0, '2022-02-23 19:40:31', '2022-02-23 19:40:31', NULL),
(17, 1, 'Blog 4', '<p>Theres no arguing that velocity has made it&rsquo;s way into pitching and is a corner stone of great pitchers. If you don&rsquo;t throw 90+ in this game than the odds aren&rsquo;t in your favor!</p>\r\n\r\n<p>The average velo in the majors has jumped over the last 5-10 years pretty consistently and that average is now 93.8 for pitchers. But this has so much more to do with the game than just pitching.</p>\r\n\r\n<p>If you look at the fastest thrown ball by fielders&hellip;105!!! Aaron Hicks threw the ball 105 from the outfield and put it on the money to gun down Danny Valencia at home.</p>\r\n\r\n<p>Velocity gives you more time to slow this game down. If you throw the ball 90+ across the infield vs. 80 or even 70, then it allows you more time to read a hop, set your feet, make an accurate throw.</p>\r\n\r\n<p>So try to follow this math here for me&hellip;</p>\r\n\r\n<p>Short Stop throw is anywhere from 120ft-150ft&hellip; lets call it 135ft for simplicity sakes&hellip;</p>\r\n\r\n<p>Distance to first 90ft&hellip;average home to first time equals 4.2 secs&hellip;sprinting stride length roughly 7-8ft&hellip;that means 1 stride equals .35secs</p>\r\n\r\n<p>So average exit velo for High School is 85mph&hellip;hit towards the hole which is around 130 feet&hellip;which means it reaches your glove in roughly 1.04 seconds if we forget resistance from grass&hellip;</p>\r\n\r\n<p>This means 90mph ball reaches first in 1.02sec 80mph ball reaches first in 1.15sec 70mph ball reaches first in 1.31sec</p>\r\n\r\n<p>This isn&rsquo;t even accounting for magnus effect, spin rate, which theoretically a ball thrown at 90mph will have a higher spin rate vs 70mph thrown ball. Which in returns means that the ball will start to lose more velocity and distance as it travels in the air. Meaning that 70 or 80 mph thrown ball may not even reach first base if thrown at the same trajectory as the 90mph ball&hellip;but back to an ideal situation with not resistance</p>\r\n\r\n<p>This means that in a perfect scenario at 90mph you have roughly 2.14 seconds to field the ball cleanly, transfer to throwing hand, and throw a dart to first&hellip;Versus 70mph where you only have 1.85second, a difference of .29 seconds. Which is almost the difference between 1 stride which is the difference between safe or out.</p>\r\n\r\n<p>So think about the time where you bobbled the ball because you didn&rsquo;t have the arm strength to sit back and grab a good hop. And you threw that over to first at 70mph rather than 90mph and the guy was safe because of it. Arm strength is one of the staples for all great players no matter if you are a pitcher, infielder, catcher, etc. Make sure you are taking care of your arm and gaining mph.</p>\r\n', NULL, 'uploads/blog/1645663274_download.jfif', 'https://www.youtube.com/watch?v=aWzlQ2N6qqg', 1, 0, '2022-02-23 19:41:14', '2022-02-24 00:41:48', NULL),
(18, 1, 'swdf', '<p>sdfe</p>\r\n', 'uploads/blog/1646362276_captions.png', NULL, NULL, 0, 1, '2022-03-03 21:51:16', '2022-03-03 21:51:26', NULL);

-- --------------------------------------------------------

--
-- Table structure for table `blog_image`
--

CREATE TABLE `blog_image` (
  `id` int(11) NOT NULL,
  `blog_id` int(11) NOT NULL,
  `image` varchar(255) NOT NULL,
  `is_active` tinyint(4) NOT NULL DEFAULT 1,
  `is_deleted` tinyint(4) NOT NULL DEFAULT 0,
  `created_at` timestamp NOT NULL DEFAULT current_timestamp(),
  `updated_at` timestamp NOT NULL DEFAULT current_timestamp() ON UPDATE current_timestamp(),
  `deleted_at` timestamp NULL DEFAULT NULL
) ENGINE=InnoDB DEFAULT CHARSET=utf8mb4;

--
-- Dumping data for table `blog_image`
--

INSERT INTO `blog_image` (`id`, `blog_id`, `image`, `is_active`, `is_deleted`, `created_at`, `updated_at`, `deleted_at`) VALUES
(46, 14, 'uploads/blog/1645663140_6010nl-HW-Savvy-Black-White.png', 1, 0, '2022-02-23 19:39:01', '2022-02-23 19:39:01', NULL),
(47, 14, 'uploads/blog/1645663140_6010nl-VB-Savvy-White.png', 1, 0, '2022-02-23 19:39:01', '2022-02-23 19:39:01', NULL),
(48, 14, 'uploads/blog/1645663140_6010nl-VN-Savvy-White.png', 1, 0, '2022-02-23 19:39:01', '2022-02-23 19:39:01', NULL),
(49, 14, 'uploads/blog/1645663140_28105-8-Purple-16.jpg', 1, 0, '2022-02-23 19:39:01', '2022-02-23 19:39:01', NULL),
(50, 15, 'uploads/blog/1645663192_businessman-icon-vector-male-avatar-profile-image-profile-businessman-icon-vector-male-avatar-profile-image-182095609.jpg', 0, 1, '2022-02-23 19:39:52', '2022-02-23 19:43:54', NULL),
(51, 15, 'uploads/blog/1645663192_download.jfif', 0, 1, '2022-02-23 19:39:53', '2022-02-23 19:43:54', NULL),
(52, 15, 'uploads/blog/1645663192_navlogo.jpg', 0, 1, '2022-02-23 19:39:53', '2022-02-23 19:43:54', NULL),
(53, 15, 'uploads/blog/1645663192_p1.jpg', 0, 1, '2022-02-23 19:39:53', '2022-02-23 19:43:54', NULL),
(54, 15, 'uploads/blog/1645663192_p2.png', 0, 1, '2022-02-23 19:39:53', '2022-02-23 19:43:54', NULL),
(55, 15, 'uploads/blog/1645663434_businessman-icon-vector-male-avatar-profile-image-profile-businessman-icon-vector-male-avatar-profile-image-182095609.jpg', 1, 0, '2022-02-23 19:43:54', '2022-02-23 19:43:54', NULL),
(56, 15, 'uploads/blog/1645663434_download.jfif', 1, 0, '2022-02-23 19:43:54', '2022-02-23 19:43:54', NULL),
(57, 15, 'uploads/blog/1645663434_p1.jpg', 1, 0, '2022-02-23 19:43:54', '2022-02-23 19:43:54', NULL),
(58, 15, 'uploads/blog/1645663434_p2.png', 1, 0, '2022-02-23 19:43:54', '2022-02-23 19:43:54', NULL),
(59, 15, 'uploads/blog/1645663434_shea-1.jpg', 1, 0, '2022-02-23 19:43:54', '2022-02-23 19:43:54', NULL),
(60, 15, 'uploads/blog/1645663434_shea-2.jpg', 1, 0, '2022-02-23 19:43:54', '2022-02-23 19:43:54', NULL),
(61, 18, 'uploads/blog/1646362276_captions.png', 1, 0, '2022-03-03 21:51:16', '2022-03-03 21:51:16', NULL);

-- --------------------------------------------------------

--
-- Table structure for table `category`
--

CREATE TABLE `category` (
  `id` int(11) NOT NULL,
  `name` varchar(255) NOT NULL,
  `slug` varchar(255) NOT NULL,
  `is_active` tinyint(4) NOT NULL DEFAULT 1,
  `is_deleted` tinyint(4) NOT NULL DEFAULT 0,
  `created_at` timestamp NOT NULL DEFAULT current_timestamp(),
  `updated_at` timestamp NOT NULL DEFAULT current_timestamp() ON UPDATE current_timestamp(),
  `deleted_at` timestamp NULL DEFAULT NULL
) ENGINE=InnoDB DEFAULT CHARSET=utf8mb4;

--
-- Dumping data for table `category`
--

INSERT INTO `category` (`id`, `name`, `slug`, `is_active`, `is_deleted`, `created_at`, `updated_at`, `deleted_at`) VALUES
(1, 'Shirt', 'shirt', 1, 0, '2021-12-23 01:04:46', '2022-03-09 08:36:55', NULL),
(4, 'Hat', 'hat', 1, 0, '2021-12-24 23:42:26', '2022-03-09 08:37:02', NULL),
(5, 'Outerwear', 'outerwear', 1, 0, '2021-12-25 00:26:13', '2022-03-09 08:22:45', NULL),
(6, 'Bag', 'bag', 1, 0, '2021-12-29 17:47:52', '2022-03-09 08:22:57', NULL),
(7, 'Online Lesson', 'onlinelesson', 1, 0, '2021-12-29 18:08:32', '2021-12-29 18:08:32', NULL),
(9, 'Shirts', 'shirts', 0, 1, '2022-03-09 08:21:24', '2022-03-09 08:21:50', NULL),
(10, 'Ball', 'ball', 1, 0, '2022-03-09 14:21:59', '2022-03-09 14:21:59', NULL),
(11, 'Gloves', 'gloves', 1, 0, '2022-03-09 14:24:15', '2022-03-09 14:24:15', NULL),
(12, 'Tracker', 'tracker', 1, 0, '2022-03-09 14:24:30', '2022-03-09 14:24:30', NULL),
(13, 'Workout', 'workout', 1, 0, '2022-03-09 14:24:54', '2022-03-09 14:24:54', NULL),
(14, 'Bat', 'bat', 0, 1, '2022-03-09 14:49:39', '2022-03-09 21:14:58', NULL);

-- --------------------------------------------------------

--
-- Table structure for table `cms`
--

CREATE TABLE `cms` (
  `id` int(11) NOT NULL,
  `pageID` int(11) NOT NULL,
  `sectionID` int(11) NOT NULL,
  `content` text NOT NULL,
  `is_active` tinyint(4) NOT NULL DEFAULT 1,
  `is_deleted` tinyint(4) NOT NULL DEFAULT 0,
  `created_at` timestamp NOT NULL DEFAULT current_timestamp(),
  `updated_at` timestamp NOT NULL DEFAULT current_timestamp() ON UPDATE current_timestamp(),
  `deleted_at` timestamp NULL DEFAULT NULL
) ENGINE=InnoDB DEFAULT CHARSET=utf8mb4;

--
-- Dumping data for table `cms`
--

INSERT INTO `cms` (`id`, `pageID`, `sectionID`, `content`, `is_active`, `is_deleted`, `created_at`, `updated_at`, `deleted_at`) VALUES
(4, 1, 1, '<p>We are an athletic training facility that mixes a little old school with the new school! We biomechanical approach to movement to maximize movement pattern efficiency which in return maximizes power output and encourages healthy movements!</p>\r\n<p>All of our instructors and trainers played college or pro sports which allows us to provide first hand experience and study each sport extensively to continue are knowledge on maximizing the performance of our athletes!</p>', 1, 0, '2021-12-21 18:57:17', '2022-01-05 21:34:51', NULL),
(5, 1, 1, '<p>We are an athletic training facility that mixes a little old school with the new school! We biomechanical approach to movement to maximize movement pattern efficiency which in return maximizes power output and encourages healthy movements!</p>\r\n<p>All of our instructors and trainers played college or pro sports which allows us to provide first hand experience and study each sport extensively to continue are knowledge on maximizing the performance of our athletes!</p>', 1, 0, '2021-12-21 19:06:46', '2021-12-21 19:06:46', NULL),
(9, 1, 2, '<h3>Mobility</h3>\r\n\r\n<ul>\r\n	<li>Hip External Rotation</li>\r\n	<li>Hip Internal Rotation</li>\r\n	<li>Shoulder External Rotation</li>\r\n	<li>Shoulder Internal Rotation</li>\r\n	<li>Shoulder Pronation</li>\r\n	<li>Ankle Dorsiflexion</li>\r\n	<li>Ankle Plantarflexion</li>\r\n	<li>Spine Rotation</li>\r\n	<li>Hamstring</li>\r\n	<li>Overhead Squat</li>\r\n</ul>\r\n\r\n<h3>Strength/Athleticism</h3>\r\n\r\n<ul>\r\n	<li>Grip Strength</li>\r\n	<li>Abductors</li>\r\n	<li>Adductors</li>\r\n	<li>Deadlift</li>\r\n	<li>Bicep</li>\r\n	<li>Tricep</li>\r\n	<li>Back</li>\r\n	<li>Chest</li>\r\n	<li>Shoulder</li>\r\n	<li>Calf</li>\r\n	<li>Broad Jump</li>\r\n	<li>20 Yard Sprint</li>\r\n	<li>And More</li>\r\n</ul>\r\n\r\n<h3>Hitting</h3>\r\n\r\n<ul>\r\n	<li>High Speed Video Analysis</li>\r\n	<li>Exit Velocity</li>\r\n	<li>Launch Angle</li>\r\n	<li>Attack Angle</li>\r\n	<li>Hand Speed</li>\r\n	<li>Bat Speed</li>\r\n	<li>Launch Quickness</li>\r\n	<li>Kinetic Chain</li>\r\n	<li>Timing</li>\r\n	<li>Rhythm</li>\r\n	<li>Point of Contact</li>\r\n	<li>And More</li>\r\n</ul>\r\n\r\n<h3>Pitching</h3>\r\n\r\n<ul>\r\n	<li>High Speed Video Analysis</li>\r\n	<li>Velocity</li>\r\n	<li>Spin Rate</li>\r\n	<li>Spin Direction</li>\r\n	<li>Spin Efficiency</li>\r\n	<li>Vertical Break</li>\r\n	<li>Horizontal Break</li>\r\n	<li>Release Angle</li>\r\n	<li>Release Height</li>\r\n	<li>Separation</li>\r\n	<li>Timing</li>\r\n	<li>And More</li>\r\n</ul>\r\n', 1, 0, '2021-12-21 15:06:56', '2021-12-21 15:06:56', NULL),
(10, 3, 1, '<p>Our staff is second to none! All of our instructors not only have playing experience at the highest levels, but also have the knowledge and background to use the advanced technology at BB Sports. We take our vast experience and pair it with our state of the art facility to give you the best training in Northern Colorado.</p>\r\n', 1, 0, '2021-12-21 15:16:39', '2021-12-21 15:19:36', NULL),
(11, 4, 1, '<p>Our top of the line program!!! This is our pride and joy program that is built from programs like the New York Yankees, Toronto Blue Jays, Los Angeles Dodgers, Washington Nationals, Colorado Rockies, Miami Marlins, and more.</p>\r\n\r\n<p>We use technology such as hittrax, rapsodo, diamond kinetics, and more. Included is a full Athletic Performance Evaluation testing mobility, strength, and sports specific skills.</p>\r\n\r\n<p>Train like the Professionals!!!</p>\r\n', 1, 0, '2021-12-21 16:03:45', '2021-12-21 16:06:12', NULL),
(12, 4, 2, '<p>Train in a 1 on 1 or 2 on 1 setting. We offer hitting, pitching, fielding, catching, speed and agility, and strength training.</p>\r\n\r\n<p>All of our instructors and trainers have a background in baseball and softball and played at the collegiate and/or pro level. We use technology such as hittrax, rapsodo, diamond kinetics, and more.</p>\r\n', 1, 0, '2021-12-21 16:14:56', '2021-12-21 16:14:56', NULL),
(13, 4, 3, '<p>Can&rsquo;t make it into the facility? No problem!</p>\r\n\r\n<p>We have online lessons at the palm of your hand. Our head instructor has been doing video analysis for youth, high school, college, and pro athletes for the last 5 years with over 5000 hours of video analysis work.</p>\r\n\r\n<p>He has been working with brand new and veteran athletes at BB Sports for 3 years developing some of the best drill progressions. These drill progressions are designed to fix any flaws in the quickest and most efficient ways</p>\r\n', 1, 0, '2021-12-21 16:16:28', '2021-12-21 16:16:28', NULL),
(14, 4, 4, '<p>Recruiting Services</p>\r\n\r\n<p>Get access to the knowledge and resources needed to get recruited!!</p>\r\n\r\n<p>We build recruiting videos, give you email templates, add you to our Player Portal, and talk you through the process of sending videos and information.</p>\r\n\r\n<p>Don&rsquo;t miss out on getting recruited by not being proactive or not knowing where to start. Let us help!!</p>\r\n', 1, 0, '2021-12-21 16:18:25', '2021-12-21 16:18:25', NULL),
(15, 5, 1, '<p>This is our top of the line training program for serious athletes that are looking to play college and pro ball!</p>\r\n\r\n<p>This is our highly advanced training program that focuses on the skills, biomechanics, and mobility/strength needed to preform at the highest level!</p>\r\n\r\n<p>Must be willing to commit to a weekly commitment at a determined time that best fits instructors and athletes/family.</p>\r\n', 1, 0, '2021-12-21 16:43:21', '2021-12-21 16:43:21', NULL),
(16, 5, 2, '<h2>Hitting</h2>\r\n\r\n<h3>Increase&hellip;</h3>\r\n\r\n<ul>\r\n	<li>Exit Velocity</li>\r\n	<li>Bat Speed</li>\r\n	<li>Distance</li>\r\n	<li>Biomechanics(Bat Path, Hand Path, Spine Stability, etc.)</li>\r\n	<li>Consistency</li>\r\n	<li>Pitch Recognition</li>\r\n</ul>\r\n', 1, 0, '2021-12-21 17:40:19', '2021-12-21 17:52:55', NULL),
(22, 5, 3, '<h2>Fielding</h2>\r\n\r\n<h3>Increase&hellip;</h3>\r\n\r\n<ul>\r\n	<li>Footwork</li>\r\n	<li>Glove Work</li>\r\n	<li>Glove Work</li>\r\n	<li>Awareness</li>\r\n	<li>Bad Hop Reactions</li>\r\n	<li>Pre Pitch Planning</li>\r\n</ul>\r\n', 1, 0, '2021-12-21 18:01:39', '2021-12-21 18:01:39', NULL),
(23, 5, 4, '<h2>Velocity and Pitching</h2>\r\n\r\n<h3>Increase&hellip;</h3>\r\n\r\n<ul>\r\n	<li>Throwing Velocity</li>\r\n	<li>Spin</li>\r\n	<li>Leg Drive</li>\r\n	<li>Biomechanics(arm action, hand position, shoulder alignment, hip rotation, etc.)</li>\r\n	<li>Control</li>\r\n	<li>Offspeed</li>\r\n</ul>\r\n', 1, 0, '2021-12-21 18:02:55', '2021-12-21 18:02:55', NULL),
(24, 5, 5, '<h2>Strength, Speed, and Power</h2>\r\n\r\n<h2>Increase&hellip;</h2>\r\n\r\n<ul>\r\n	<li>\r\n	<p>Mobility</p>\r\n	</li>\r\n	<li>Strength</li>\r\n	<li>Speed</li>\r\n	<li>Agility</li>\r\n	<li>Explosion</li>\r\n	<li>Power in Multiple Planes</li>\r\n	<li>Body Awareness</li>\r\n</ul>\r\n', 1, 0, '2021-12-21 18:04:22', '2021-12-21 18:04:22', NULL),
(25, 5, 6, '<h2>Youth Athleticism</h2>\r\n\r\n<h3>Increase&hellip;</h3>\r\n\r\n<ul>\r\n	<li>Hand Eye Coordination</li>\r\n	<li>Motor Skills</li>\r\n	<li>Strength</li>\r\n	<li>Agility</li>\r\n	<li>Speed</li>\r\n	<li>Acceleration</li>\r\n</ul>\r\n', 1, 0, '2021-12-21 18:05:31', '2021-12-21 18:05:31', NULL),
(26, 5, 7, '<p>We are looking for committed athletes that are wanting to elevate their game to that next Peak Top and continue their passion for the game.</p>\r\n\r\n<p>We have you fill out a form that gives us the best days and times to fit your schedule and our schedule! We have groups running almost everyday!!</p>\r\n', 1, 0, '2021-12-21 18:05:57', '2021-12-21 18:05:57', NULL),
(27, 6, 1, '<p>Forget the cookie cutter programs!!! At BB Sports we do everything custom to each athlete!!</p>\r\n\r\n<p>Full Athletic Performance Evaluations are done for each one of our athletes!! We test mobility, strength, and sports specific skills to design the perfect progression that is custom to each athlete!!</p>\r\n\r\n<p>We use the most advanced technology available to track numerous metrics. Hittrax, Rapsodo, 4D motion, Pocket Radar, Strength Sensors, etc. are all used to get the most accurate numbers possible to track and design programs</p>\r\n\r\n<p>Hitting, Pitching, Velocity, Fielding, Catching, Strength, and Speed/Agility are all offered and run by instructors with college or pro experience!</p>\r\n', 1, 0, '2021-12-21 18:29:41', '2021-12-21 18:29:41', NULL),
(28, 6, 2, '<h2>Hitting</h2>\r\n\r\n<h3>Increase</h3>\r\n\r\n<ul>\r\n	<li>Exit Velocity</li>\r\n	<li>Bat Speed</li>\r\n	<li>Bat Speed</li>\r\n	<li>Biomechanics(Bat Path, Hand Path, Spine Stability, etc.)</li>\r\n	<li>Consistency</li>\r\n	<li>Pitch Recognition</li>\r\n	<li>And More</li>\r\n</ul>\r\n\r\n<h2>Fielding</h2>\r\n\r\n<h3>Increase</h3>\r\n\r\n<ul>\r\n	<li>Fielding Percentage</li>\r\n	<li>Rhythm</li>\r\n	<li>Footwork</li>\r\n	<li>Glove work</li>\r\n	<li>Bad Hop Reactions</li>\r\n	<li>Bad Hop Reactions</li>\r\n	<li>And More</li>\r\n</ul>\r\n\r\n<h2>Strength/Mobility Speed/Explosion</h2>\r\n\r\n<h3>Increase</h3>\r\n\r\n<ul>\r\n	<li>Mobility</li>\r\n	<li>Strength</li>\r\n	<li>Speed</li>\r\n	<li>Agility</li>\r\n	<li>Explosion</li>\r\n	<li>Power in Multiple Planes</li>\r\n	<li>Body Awareness</li>\r\n	<li>&nbsp;</li>\r\n</ul>\r\n', 1, 0, '2021-12-21 18:34:17', '2021-12-21 18:34:17', NULL),
(29, 6, 3, '<h2>Pitching/Velocity</h2>\r\n\r\n<h3>Increase</h3>\r\n\r\n<ul>\r\n	<li>Throwing Velocity</li>\r\n	<li>Spin</li>\r\n	<li>Leg Drive</li>\r\n	<li>Biomechanics(arm action, hand position, shoulder alignment, hip rotation, etc.)</li>\r\n	<li>Control</li>\r\n	<li>Offspeed</li>\r\n	<li>And More</li>\r\n</ul>\r\n\r\n<h2>Catching</h2>\r\n\r\n<h3>Increase</h3>\r\n\r\n<ul>\r\n	<li>Blocking</li>\r\n	<li>Framing</li>\r\n	<li>Footwork</li>\r\n	<li>Foot Speed</li>\r\n	<li>Pop Times</li>\r\n	<li>Transfer Times</li>\r\n	<li>And More</li>\r\n</ul>\r\n', 1, 0, '2021-12-21 18:36:59', '2022-01-18 01:57:20', NULL),
(30, 7, 1, '<p>Our head instructor Shea Bell has done over 5000 hours of coaching and video analysis. He works with 10+ pro athletes, 20+ college athletes, and numerous high school and college athletes. Including players such as Chad Bell(3B, Yankees), JD Hammer(P, Phillies), Aaron Ochsenbein(P, Dodgers), Shane Matheny(IF, Giants), Ben Newton(C, ECU), and so many more</p>\r\n', 1, 0, '2021-12-21 18:52:21', '2021-12-21 18:52:21', NULL),
(31, 7, 2, '<h3>1) Skills and Mobility Analysis</h3>\r\n\r\n<p>Every client starts their first lesson with sending us 1 thing for breakdown and analysis</p>\r\n\r\n<p>Hitting or Pitching Video</p>\r\n\r\n<p> &lt;i class=&quot;fa fa-futbol-o&quot; aria-hidden=&quot;true&quot;&gt;&lt;/i&gt; Side view is the best for optimal analysis</p>\r\n', 1, 0, '2021-12-21 18:55:48', '2021-12-22 00:00:16', NULL),
(32, 7, 3, '<h3>2) Easy Video Upload with APEX by Upper Hand</h3>\r\n\r\n<p>Upload your videos all within APEX just by creating an account or having us create it for you.</p>\r\n\r\n<p>You submit your video and within 48 hours you have a breakdown, analysis, and lesson plan</p>\r\n', 1, 0, '2021-12-21 18:56:37', '2021-12-21 18:56:37', NULL),
(33, 7, 4, '<h3>3)Top of the Line Evaluations</h3>\r\n\r\n<p>Our evaluations are always extremely in depth. I take the time to look at multiple angles(if provided) to find the most alarming issues.</p>\r\n\r\n<p> &lt;i class=&quot;fa fa-futbol-o&quot; aria-hidden=&quot;true&quot;&gt;&lt;/i&gt; Hitting or Pitching Video &lt;br /&gt;Side view is the best for optimal analysis</p>\r\n', 1, 0, '2021-12-21 18:58:43', '2021-12-22 00:01:00', NULL),
(34, 7, 5, '<h3>4) Lesson Plans</h3>\r\n\r\n<p>Our lessons are custom to each clients&hellip;we take the same process every time to find out why we are struggling and how to get better</p>\r\n\r\n<p>&lt;i class=&quot;fa fa-futbol-o&quot; aria-hidden=&quot;true&quot;&gt;&lt;/i&gt;Send in your video</p>\r\n\r\n<p>&lt;i class=&quot;fa fa-futbol-o&quot; aria-hidden=&quot;true&quot;&gt;&lt;/i&gt;We analyze your swing or throwing motion</p>\r\n\r\n<p>&lt;i class=&quot;fa fa-futbol-o&quot; aria-hidden=&quot;true&quot;&gt;&lt;/i&gt;Voiceover analysis explaining what we see</p>\r\n\r\n<p>&lt;i class=&quot;fa fa-futbol-o&quot; aria-hidden=&quot;true&quot;&gt;&lt;/i&gt;We send list of drills with videos examples and how to fix</p>\r\n\r\n<p>&lt;i class=&quot;fa fa-futbol-o&quot; aria-hidden=&quot;true&quot;&gt;&lt;/i&gt;Message us if you have questions on the drills we sent</p>\r\n', 1, 0, '2021-12-21 19:03:27', '2021-12-21 19:03:27', NULL),
(35, 7, 6, '<h3>5) Multiple Ways to Pay</h3>\r\n\r\n<p>Our 3 packages allow you to train at your pace. Find out what your doing wrong or stay consistent with</p>\r\n\r\n<p>multiple lessons&hellip;as low as $21 per lesson</p>\r\n\r\n<p>&lt;i class=&quot;fa fa-futbol-o&quot; aria-hidden=&quot;true&quot;&gt;&lt;/i&gt;1 Lesson=$30</p>\r\n\r\n<p>&lt;i class=&quot;fa fa-futbol-o&quot; aria-hidden=&quot;true&quot;&gt;&lt;/i&gt;4 Lessons=$100</p>\r\n\r\n<p>&lt;i class=&quot;fa fa-futbol-o&quot; aria-hidden=&quot;true&quot;&gt;&lt;/i&gt;8 Lessons=$175</p>\r\n', 1, 0, '2021-12-21 19:04:57', '2021-12-21 19:04:57', NULL),
(36, 8, 1, '<p>Our youth teams the Colorado Yetis(Baseball) and Colorado Power(Softball) are some of the top programs in Northern Colorado.</p>\r\n\r\n<p>We give the kids the basic fundamentals and athleticism to play any sport as far as they would like</p>\r\n', 1, 0, '2021-12-21 19:36:30', '2021-12-21 19:36:30', NULL),
(37, 8, 2, '<ul>\r\n	<li>Develop individual skills that will help each player have success at every level</li>\r\n	<li>To learn game knowledge and situations taught at the professional level</li>\r\n	<li>To create athleticism and hand eye coordination that will help with all sports</li>\r\n	<li>To develop a passion for this great game and experience life lessons and experiences with your friends and BB Sports family</li>\r\n	<li>And overall to develop young men that will have success in life whether it is on the field or in life</li>\r\n</ul>\r\n', 1, 0, '2021-12-21 19:38:26', '2021-12-21 19:38:26', NULL),
(39, 8, 4, '<ul>\r\n	<li>Lessons and Training Included in Team Fees</li>\r\n	<li>State of the Art Facility</li>\r\n	<li>Lessons from Pro and College Coaches</li>\r\n	<li>Top of the line gear and jerseys</li>\r\n	<li>15% off Marucci/Victus/Old Hickory Items</li>\r\n	<li>15% off all BB Sports additional Memberships, Lessons, and Apparel</li>\r\n</ul>\r\n', 1, 0, '2021-12-21 19:42:29', '2021-12-21 19:42:29', NULL),
(40, 8, 3, '<ul>\r\n	<li>&lt;span class=&quot;b-art-points-icon&quot;&gt; &lt;i class=&quot;fas fa-dot-circle&quot;&gt;&lt;/i&gt;&lt;/span&gt; &lt;span&gt;Hittrax&lt;/span&gt;</li>\r\n	<li>&lt;span class=&quot;b-art-points-icon&quot;&gt; &lt;i class=&quot;fas fa-dot-circle&quot;&gt;&lt;/i&gt;&lt;/span&gt; &lt;span&gt;Rapsodo&lt;/span&gt;</li>\r\n	<li>&lt;span class=&quot;b-art-points-icon&quot;&gt; &lt;i class=&quot;fas fa-dot-circle&quot;&gt;&lt;/i&gt;&lt;/span&gt; &lt;span&gt;4D Motion&lt;/span&gt;</li>\r\n	<li>&lt;span class=&quot;b-art-points-icon&quot;&gt; &lt;i class=&quot;fas fa-dot-circle&quot;&gt;&lt;/i&gt;&lt;/span&gt; &lt;span&gt;Diamond Kinetics&lt;/span&gt;</li>\r\n	<li>&lt;span class=&quot;b-art-points-icon&quot;&gt; &lt;i class=&quot;fas fa-dot-circle&quot;&gt;&lt;/i&gt;&lt;/span&gt; &lt;span&gt;Stalker Radar Guns&lt;/span&gt;</li>\r\n	<li>&lt;span class=&quot;b-art-points-icon&quot;&gt; &lt;i class=&quot;fas fa-dot-circle&quot;&gt;&lt;/i&gt;&lt;/span&gt; &lt;span&gt;Full Lifting Gym&lt;/span&gt;</li>\r\n	<li>&lt;span class=&quot;b-art-points-icon&quot;&gt; &lt;i class=&quot;fas fa-dot-circle&quot;&gt;&lt;/i&gt;&lt;/span&gt; &lt;span&gt;Access Whenever&lt;/span&gt;</li>\r\n</ul>\r\n', 1, 0, '2021-12-21 19:44:52', '2021-12-21 19:44:52', NULL),
(41, 9, 1, '<p>BB Elite is a college showcase and prep team for high school level baseball and softball athletes.</p>\r\n\r\n<p>This is not your typical travel ball team. We run our teams exactly like a college program in order to prepare them for the next level</p>\r\n\r\n<p>This is not your typical travel ball team. We run our teams exactly like a college program in order to prepare them for the next level</p>\r\n', 1, 0, '2021-12-21 19:50:53', '2021-12-21 19:50:53', NULL),
(43, 9, 2, '<h3>Our Goals</h3><ul>\r\n	<li>Develop individual skills that will help each player have success at every level</li>\r\n	<li>To get college exposure and experience playing some of the best talent in the country</li>\r\n	<li>To learn game knowledge and situations taught at the professional level</li>\r\n	<li>To experience the country, colleges, and baseball all around the country to get a feel for where you want to play college ball</li>\r\n	<li>To develop a passion for this great game and experience life lessons and experiences with your friends and BB Sports family</li>\r\n	<li>And overall to develop young men that will have success in life whether it is on the field or in life<br />\r\n	&nbsp;</li>\r\n</ul>\r\n', 1, 0, '2021-12-21 20:02:59', '2021-12-22 01:05:58', NULL),
(44, 9, 3, '<ul>\r\n	<li>Play at places like Vanderbilt University, Kansas State University, Wichita State University, University of Dallas, University of Louisiana Monroe, and more</li>\r\n	<li>Lessons and Training Included in Team Fees</li>\r\n	<li>State of the Art Facility</li>\r\n	<li>Pro and College Coaches</li>\r\n	<li>Recruiting Help and Guidance</li>\r\n	<li>15% off Marucci/Victus/Old Hickory Items</li>\r\n	<li>15% off all BB Sports additional Memberships, Lessons, and Apparel</li>\r\n</ul>\r\n', 1, 0, '2021-12-21 20:04:33', '2021-12-21 20:04:33', NULL),
(45, 9, 4, '<h3>Our State of the Art Facility</h3>\r\n\r\n<ul>\r\n	<li>Hittrax</li>\r\n	<li>Rapsodo</li>\r\n	<li>4D Motion</li>\r\n	<li>Diamond Kinetics</li>\r\n	<li>Stalker Radar Guns</li>\r\n	<li>Full Lifting Gym</li>\r\n	<li>Access Whenever</li>\r\n</ul>\r\n', 1, 0, '2021-12-21 20:07:31', '2021-12-21 20:07:31', NULL),
(46, 10, 1, '<p>Our youth teams the Colorado Yetis(Baseball) and Colorado Power(Softball) are some of the top programs in Northern Colorado.</p>\r\n\r\n<p>We believe in training sessions both on the field, in the cage/bullpen, and in the gym in order to give the kids the basic fundamentals, knowledge and athleticism to play any sport as far as they would like</p>\r\n', 1, 0, '2021-12-21 20:35:48', '2021-12-21 20:35:48', NULL),
(47, 10, 2, '<h3>Our Goals</h3>\r\n\r\n<ul>\r\n	<li>Develop individual skills that will help each player have success at every level</li>\r\n	<li>To learn game knowledge and situations taught at the professional level</li>\r\n	<li>To create athleticism and hand eye coordination that will help with all sports</li>\r\n	<li>To experience the country, colleges, and baseball all around the country to get a feel for where you want to play college ball</li>\r\n	<li>To develop a passion for this great game and experience life lessons and experiences with your friends and BB Sports family</li>\r\n	<li>And overall to develop young men and woman that value skills/attributes such as respect, hard work, passion, confidence, accountability, and morality that will help them in all aspects of life</li>\r\n</ul>\r\n', 1, 0, '2021-12-21 20:37:28', '2021-12-21 20:37:28', NULL),
(48, 10, 3, '<ul>\r\n	<li>Lessons and Training Included in Team Fees</li>\r\n	<li>State of the Art Facility</li>\r\n	<li>Lessons from Pro and College Coaches</li>\r\n	<li>Top of the line gear and jerseys</li>\r\n	<li>Recruiting Help and Guidance</li>\r\n	<li>15% off Marucci/Victus/Old Hickory Items</li>\r\n	<li>15% off all BB Sports additional Memberships, Lessons, and Apparel</li>\r\n</ul>\r\n', 1, 0, '2021-12-21 20:38:57', '2021-12-21 20:38:57', NULL),
(49, 10, 4, '<h3>Our State of the Art Facility</h3>\r\n\r\n<ul>\r\n	<li>Hittrax</li>\r\n	<li>Rapsodo</li>\r\n	<li>4D Motion</li>\r\n	<li>Diamond Kinetics</li>\r\n	<li>Stalker Radar Guns</li>\r\n	<li>Full Lifting Gym</li>\r\n	<li>Access Whenever</li>\r\n</ul>\r\n', 1, 0, '2021-12-21 21:02:12', '2021-12-21 21:02:12', NULL);

-- --------------------------------------------------------

--
-- Table structure for table `colour`
--

CREATE TABLE `colour` (
  `id` int(11) NOT NULL,
  `category_id` int(11) NOT NULL,
  `name` varchar(256) NOT NULL,
  `slug` varchar(512) NOT NULL,
  `is_active` tinyint(4) NOT NULL DEFAULT 1,
  `is_deleted` tinyint(4) NOT NULL DEFAULT 0,
  `created_at` timestamp NOT NULL DEFAULT current_timestamp(),
  `updated_at` timestamp NOT NULL DEFAULT current_timestamp() ON UPDATE current_timestamp(),
  `deleted_at` timestamp NULL DEFAULT NULL
) ENGINE=InnoDB DEFAULT CHARSET=utf8mb4;

--
-- Dumping data for table `colour`
--

INSERT INTO `colour` (`id`, `category_id`, `name`, `slug`, `is_active`, `is_deleted`, `created_at`, `updated_at`, `deleted_at`) VALUES
(1, 1, 'Blue', '1_blue', 1, 0, '2022-02-16 21:13:16', '2022-02-23 00:10:09', NULL),
(2, 1, 'Black', '1_black', 1, 0, '2022-02-16 21:38:20', '2022-02-23 00:10:14', NULL),
(3, 6, 'Black', '6_black', 1, 0, '2022-02-17 16:41:34', '2022-02-23 00:10:21', NULL),
(4, 4, 'Black', '4_black', 1, 0, '2022-02-17 20:59:28', '2022-02-23 00:10:26', NULL),
(5, 4, 'White', '4_white', 1, 0, '2022-02-17 20:59:38', '2022-02-23 00:10:33', NULL),
(6, 6, 'White', '6_white', 1, 0, '2022-02-17 20:59:57', '2022-02-23 00:10:39', NULL),
(7, 5, 'Black', '5_black', 1, 0, '2022-02-17 21:00:18', '2022-02-23 00:10:45', NULL),
(8, 5, 'Blue', '5_blue', 1, 0, '2022-02-17 21:01:59', '2022-02-23 00:10:50', NULL),
(9, 1, 'Snow White', '1_snowwhite', 1, 0, '2022-02-22 19:18:50', '2022-02-22 19:18:50', NULL),
(10, 1, 'Heather Black', '1_heatherblack', 1, 0, '2022-03-09 08:25:36', '2022-03-09 08:25:36', NULL),
(11, 1, 'Heather Black Charcoal Logo', '1_heatherblackcharcoallogo', 1, 0, '2022-03-09 08:26:04', '2022-03-09 08:26:04', NULL),
(12, 1, 'Heather Navy Blue', '1_heathernavyblue', 1, 0, '2022-03-09 08:26:18', '2022-03-09 08:26:18', NULL),
(13, 1, 'Heather White', '1_heatherwhite', 1, 0, '2022-03-09 08:26:33', '2022-03-09 08:26:33', NULL),
(14, 1, 'Artic White', '1_articwhite', 1, 0, '2022-03-09 08:28:04', '2022-03-09 08:28:04', NULL),
(15, 1, 'Vintage Black', '1_vintageblack', 1, 0, '2022-03-09 08:28:17', '2022-03-09 08:28:17', NULL),
(16, 1, 'Vintage Navy', '1_vintagenavy', 1, 0, '2022-03-09 08:28:30', '2022-03-09 08:28:30', NULL),
(17, 1, 'Premium Heather', '1_premiumheather', 1, 0, '2022-03-09 08:29:34', '2022-03-09 08:29:34', NULL),
(18, 5, 'Midnight/H.Gray', '5_midnight/h.gray', 1, 0, '2022-03-09 08:31:42', '2022-03-09 08:31:42', NULL),
(19, 5, 'White/Hther Gray', '5_white/hthergray', 1, 0, '2022-03-09 08:32:17', '2022-03-09 08:32:17', NULL),
(20, 5, 'Vintage Navy', '5_vintagenavy', 1, 0, '2022-03-09 08:33:06', '2022-03-09 08:33:06', NULL),
(21, 4, 'White/Black', '4_white/black', 1, 0, '2022-03-09 08:35:00', '2022-03-09 08:35:00', NULL),
(22, 4, 'Navy/Black', '4_navy/black', 1, 0, '2022-03-09 08:35:25', '2022-03-09 08:35:25', NULL),
(23, 4, 'Charcoal/Charcoal', '4_charcoal/charcoal', 1, 0, '2022-03-09 08:35:52', '2022-03-09 08:35:52', NULL),
(24, 4, 'Gold/Navy', '4_gold/navy', 1, 0, '2022-03-09 08:36:05', '2022-03-09 08:36:05', NULL),
(25, 4, 'Gold/Grey', '4_gold/grey', 1, 0, '2022-03-09 13:22:43', '2022-03-09 13:22:43', NULL),
(26, 4, 'Gold/White', '4_gold/white', 1, 0, '2022-03-09 13:23:10', '2022-03-09 13:23:10', NULL),
(27, 4, 'White/Grey', '4_white/grey', 1, 0, '2022-03-09 13:24:42', '2022-03-09 13:24:42', NULL),
(28, 4, 'White/White', '4_white/white', 1, 0, '2022-03-09 13:25:11', '2022-03-09 13:25:11', NULL),
(29, 4, 'Black/Black', '4_black/black', 1, 0, '2022-03-09 13:25:50', '2022-03-09 13:25:50', NULL),
(30, 4, 'Black/Grey', '4_black/grey', 1, 0, '2022-03-09 13:26:04', '2022-03-09 13:26:04', NULL),
(31, 4, 'Grey', '4_grey', 1, 0, '2022-03-09 13:26:26', '2022-03-09 13:26:26', NULL),
(32, 4, 'Navy Blue', '4_navyblue', 1, 0, '2022-03-09 13:26:39', '2022-03-09 13:26:39', NULL),
(33, 4, 'Gold/Black', '4_gold/black', 1, 0, '2022-03-09 13:27:18', '2022-03-09 13:27:18', NULL),
(34, 4, 'Heather Grey/Navy', '4_heathergrey/navy', 1, 0, '2022-03-09 14:01:50', '2022-03-09 14:01:50', NULL),
(35, 4, 'Offwhite/Black', '4_offwhite/black', 1, 0, '2022-03-09 14:02:09', '2022-03-09 14:02:09', NULL),
(36, 5, 'Artic White', '5_articwhite', 1, 0, '2022-03-09 14:43:25', '2022-03-09 14:43:25', NULL),
(37, 5, 'JetBlack', '5_jetblack', 1, 0, '2022-03-09 14:43:39', '2022-03-09 14:43:39', NULL);

-- --------------------------------------------------------

--
-- Table structure for table `config`
--

CREATE TABLE `config` (
  `id` int(10) UNSIGNED NOT NULL,
  `user_id` int(11) DEFAULT NULL,
  `type` varchar(255) COLLATE utf8mb4_unicode_ci NOT NULL,
  `value` varchar(255) COLLATE utf8mb4_unicode_ci NOT NULL,
  `view` varchar(255) COLLATE utf8mb4_unicode_ci NOT NULL,
  `is_active` tinyint(4) NOT NULL DEFAULT 1,
  `is_deleted` tinyint(4) NOT NULL DEFAULT 0,
  `created_at` timestamp NOT NULL DEFAULT current_timestamp(),
  `updated_at` timestamp NOT NULL DEFAULT current_timestamp() ON UPDATE current_timestamp(),
  `deleted_at` timestamp NULL DEFAULT NULL
) ENGINE=InnoDB DEFAULT CHARSET=utf8mb4 COLLATE=utf8mb4_unicode_ci;

--
-- Dumping data for table `config`
--

INSERT INTO `config` (`id`, `user_id`, `type`, `value`, `view`, `is_active`, `is_deleted`, `created_at`, `updated_at`, `deleted_at`) VALUES
(1, NULL, 'contactnumber', '0000000', 'Contact Number', 1, 0, '2021-12-15 19:46:18', '2022-02-18 22:48:24', NULL),
(2, NULL, 'emailaddress', 'https://www.digitalservicescorp.com/bbsports-dev', 'Email Address', 1, 0, '2021-12-15 19:46:18', '2022-02-18 17:44:57', NULL),
(3, NULL, 'address', 'ABC', 'Address', 1, 0, '2021-12-15 19:46:18', '2022-03-02 15:35:37', NULL),
(4, NULL, 'facebooklink', 'https://www.facebook.com/bbsportstraining', 'Facebook Linking', 1, 0, '2021-12-15 19:46:18', '2022-03-02 15:35:37', NULL),
(5, NULL, 'instagramlink', 'https://www.instagram.com/bbsportstraining/?hl=en', 'Instagram Linking', 1, 0, '2021-12-15 19:46:18', '2022-03-02 15:31:45', NULL),
(6, NULL, 'youtubelink', 'https://www.youtube.com/channel/UC4hjycqrsCyQGNvjcETT7IA', 'Youtube Linking', 1, 0, '2021-12-15 19:46:18', '2022-02-18 17:52:31', NULL);

-- --------------------------------------------------------

--
-- Table structure for table `contact`
--

CREATE TABLE `contact` (
  `id` int(11) NOT NULL,
  `title` varchar(255) NOT NULL,
  `address` varchar(255) NOT NULL,
  `contact` varchar(255) DEFAULT NULL,
  `email` varchar(255) DEFAULT NULL,
  `map` text NOT NULL,
  `is_active` tinyint(4) NOT NULL DEFAULT 1,
  `is_deleted` tinyint(4) NOT NULL DEFAULT 0,
  `created_at` timestamp NOT NULL DEFAULT current_timestamp(),
  `updated_at` timestamp NOT NULL DEFAULT current_timestamp() ON UPDATE current_timestamp(),
  `deleted_at` timestamp NULL DEFAULT NULL
) ENGINE=InnoDB DEFAULT CHARSET=utf8mb4;

--
-- Dumping data for table `contact`
--

INSERT INTO `contact` (`id`, `title`, `address`, `contact`, `email`, `map`, `is_active`, `is_deleted`, `created_at`, `updated_at`, `deleted_at`) VALUES
(3, 'BB Sports Big Facility', '321 Hickory St Suite 110 Fort Collins, CO 80524', '(970) 214-1760', 'bbsports100@gmail.com', 'https://www.google.com/maps/embed?pb=!1m14!1m8!1m3!1d24233.61660240368!2d-105.082742!3d40.603365!3m2!1i1024!2i768!4f13.1!3m3!1m2!1s0x0%3A0x91f934979771c4e6!2sBB%20Sports!5e0!3m2!1sen!2sus!4v1639182070531!5m2!1sen!2sus', 1, 0, '2021-12-22 17:50:54', '2021-12-22 17:50:54', NULL),
(4, 'BB Sports Overflow Facility', '1225 Red Cedar Circle Unit G Fort Collins, CO 80524', '', '', 'https://www.google.com/maps/embed?pb=!1m14!1m8!1m3!1d24233.61660240368!2d-105.082742!3d40.603365!3m2!1i1024!2i768!4f13.1!3m3!1m2!1s0x0%3A0x91f934979771c4e6!2sBB%20Sports!5e0!3m2!1sen!2sus!4v1639182070531!5m2!1sen!2sus', 1, 0, '2021-12-22 17:51:30', '2021-12-22 17:51:30', NULL);

-- --------------------------------------------------------

--
-- Table structure for table `contact_details`
--

CREATE TABLE `contact_details` (
  `id` int(11) NOT NULL,
  `athlete_level` varchar(255) NOT NULL,
  `training_type` varchar(255) NOT NULL,
  `preferred_training` varchar(255) NOT NULL,
  `first_name` varchar(255) NOT NULL,
  `last_name` varchar(255) NOT NULL,
  `phone` varchar(255) NOT NULL,
  `email` varchar(255) NOT NULL,
  `range` varchar(255) NOT NULL,
  `position` varchar(255) NOT NULL,
  `comment` text NOT NULL,
  `created_at` timestamp NOT NULL DEFAULT current_timestamp(),
  `updated_at` timestamp NOT NULL DEFAULT current_timestamp() ON UPDATE current_timestamp()
) ENGINE=InnoDB DEFAULT CHARSET=utf8mb4;

--
-- Dumping data for table `contact_details`
--

INSERT INTO `contact_details` (`id`, `athlete_level`, `training_type`, `preferred_training`, `first_name`, `last_name`, `phone`, `email`, `range`, `position`, `comment`, `created_at`, `updated_at`) VALUES
(1, 'High School', 'Lifting', 'Remote', 'Daniel', 'Ross', '545455555', 'myid@gmail.com', '12', 'a:4:{i:0;s:1:\"p\";i:1;s:2:\"1B\";i:2;s:2:\"2B\";i:3;s:2:\"SS\";}', '', '2022-01-17 14:12:38', '2022-01-17 14:12:38'),
(2, 'High School', 'Lifting', 'Remote', 'Daniel', 'Ross', '545455555', 'myid@gmail.com', '12', 'a:4:{i:0;s:1:\"p\";i:1;s:2:\"1B\";i:2;s:2:\"2B\";i:3;s:2:\"SS\";}', '', '2022-01-17 14:14:15', '2022-01-17 14:14:15'),
(3, 'College', 'Hitting', 'In Person', 'Daniel', 'Ross', '112215464', 'myid@gmail.com', '12', 'a:3:{i:0;s:2:\"1B\";i:1;s:2:\"2B\";i:2;s:2:\"SS\";}', '', '2022-01-17 15:59:03', '2022-01-17 15:59:03'),
(4, 'Pro', 'Hitting', 'In Person', 'Daniel', 'Ross', '4444444444444', 'myid@gmail.com', '11', 'a:1:{i:0;s:2:\"2B\";}', '', '2022-01-17 16:36:34', '2022-01-17 16:36:34'),
(5, 'Pro', 'Hitting', 'In Person', 'Daniel', 'Ross', '55555555555555', 'myid@gmail.com', '11', 'a:1:{i:0;s:2:\"3B\";}', '', '2022-01-17 16:37:28', '2022-01-17 16:37:28'),
(6, 'High School', 'Hitting/Lifting', 'Remote', 'Daniel', 'Ross', '12424685', 'myid@gmail.com', '21', 'a:6:{i:0;s:1:\"p\";i:1;s:2:\"1B\";i:2;s:2:\"2B\";i:3;s:2:\"SS\";i:4;s:2:\"3B\";i:5;s:2:\"OF\";}', 'aaaaaaa', '2022-01-17 16:40:09', '2022-01-17 16:40:09'),
(7, 'Pro', 'Hitting', 'In Person', 'Daniel', 'Ross', '5444444444', 'myid@gmail.com', '11', 'a:1:{i:0;s:2:\"2B\";}', '', '2022-01-17 16:54:08', '2022-01-17 16:54:08'),
(8, 'High School', 'Lifting', 'Remote', 'Daniel', 'Ross', '54656546546', 'myid@gmail.com', '17', 'a:3:{i:0;s:2:\"SS\";i:1;s:2:\"3B\";i:2;s:2:\"OF\";}', 'comment', '2022-01-17 17:11:48', '2022-01-17 17:11:48'),
(9, 'Pro', 'Hitting', 'In Person', 'Daniel', 'Ross', '4554645', 'danielross0041@gmail.com', '11', 'a:1:{i:0;s:2:\"1B\";}', '', '2022-01-17 19:35:21', '2022-01-17 19:35:21'),
(10, 'Pro', 'Hitting', 'In Person', 'Daniel', 'Ross', '46461', 'myid@gmail.com', '11', 'a:1:{i:0;s:2:\"1B\";}', '', '2022-01-17 19:42:46', '2022-01-17 19:42:46'),
(11, 'Pro', 'Hitting', 'In Person', 'Daniel', 'Ross', '0000000', 'myid@gmail.com', '18', 'a:2:{i:0;s:2:\"2B\";i:1;s:2:\"SS\";}', '', '2022-03-07 18:55:34', '2022-03-07 18:55:34'),
(12, 'Pro', 'Hitting', 'In Person', 'Daniel', 'Ross', '0000000', 'myid@gmail.com', '24', 'a:1:{i:0;s:2:\"SS\";}', '', '2022-03-07 18:56:56', '2022-03-07 18:56:56'),
(13, 'Pro', 'Hitting', 'In Person', 'Daniel', 'Ross', '0000000', 'myid@gmail.com', '11', 'a:1:{i:0;s:2:\"3B\";}', '', '2022-03-07 18:57:05', '2022-03-07 18:57:05');

-- --------------------------------------------------------

--
-- Table structure for table `country`
--

CREATE TABLE `country` (
  `id` int(11) NOT NULL,
  `iso` char(2) NOT NULL,
  `name` varchar(80) NOT NULL,
  `nicename` varchar(80) NOT NULL,
  `iso3` char(3) DEFAULT NULL,
  `numcode` smallint(6) DEFAULT NULL,
  `phonecode` int(5) NOT NULL
) ENGINE=MyISAM DEFAULT CHARSET=latin1;

--
-- Dumping data for table `country`
--

INSERT INTO `country` (`id`, `iso`, `name`, `nicename`, `iso3`, `numcode`, `phonecode`) VALUES
(1, 'AF', 'AFGHANISTAN', 'Afghanistan', 'AFG', 4, 93),
(2, 'AL', 'ALBANIA', 'Albania', 'ALB', 8, 355),
(3, 'DZ', 'ALGERIA', 'Algeria', 'DZA', 12, 213),
(4, 'AS', 'AMERICAN SAMOA', 'American Samoa', 'ASM', 16, 1684),
(5, 'AD', 'ANDORRA', 'Andorra', 'AND', 20, 376),
(6, 'AO', 'ANGOLA', 'Angola', 'AGO', 24, 244),
(7, 'AI', 'ANGUILLA', 'Anguilla', 'AIA', 660, 1264),
(8, 'AQ', 'ANTARCTICA', 'Antarctica', NULL, NULL, 0),
(9, 'AG', 'ANTIGUA AND BARBUDA', 'Antigua and Barbuda', 'ATG', 28, 1268),
(10, 'AR', 'ARGENTINA', 'Argentina', 'ARG', 32, 54),
(11, 'AM', 'ARMENIA', 'Armenia', 'ARM', 51, 374),
(12, 'AW', 'ARUBA', 'Aruba', 'ABW', 533, 297),
(13, 'AU', 'AUSTRALIA', 'Australia', 'AUS', 36, 61),
(14, 'AT', 'AUSTRIA', 'Austria', 'AUT', 40, 43),
(15, 'AZ', 'AZERBAIJAN', 'Azerbaijan', 'AZE', 31, 994),
(16, 'BS', 'BAHAMAS', 'Bahamas', 'BHS', 44, 1242),
(17, 'BH', 'BAHRAIN', 'Bahrain', 'BHR', 48, 973),
(18, 'BD', 'BANGLADESH', 'Bangladesh', 'BGD', 50, 880),
(19, 'BB', 'BARBADOS', 'Barbados', 'BRB', 52, 1246),
(20, 'BY', 'BELARUS', 'Belarus', 'BLR', 112, 375),
(21, 'BE', 'BELGIUM', 'Belgium', 'BEL', 56, 32),
(22, 'BZ', 'BELIZE', 'Belize', 'BLZ', 84, 501),
(23, 'BJ', 'BENIN', 'Benin', 'BEN', 204, 229),
(24, 'BM', 'BERMUDA', 'Bermuda', 'BMU', 60, 1441),
(25, 'BT', 'BHUTAN', 'Bhutan', 'BTN', 64, 975),
(26, 'BO', 'BOLIVIA', 'Bolivia', 'BOL', 68, 591),
(27, 'BA', 'BOSNIA AND HERZEGOVINA', 'Bosnia and Herzegovina', 'BIH', 70, 387),
(28, 'BW', 'BOTSWANA', 'Botswana', 'BWA', 72, 267),
(29, 'BV', 'BOUVET ISLAND', 'Bouvet Island', NULL, NULL, 0),
(30, 'BR', 'BRAZIL', 'Brazil', 'BRA', 76, 55),
(31, 'IO', 'BRITISH INDIAN OCEAN TERRITORY', 'British Indian Ocean Territory', NULL, NULL, 246),
(32, 'BN', 'BRUNEI DARUSSALAM', 'Brunei Darussalam', 'BRN', 96, 673),
(33, 'BG', 'BULGARIA', 'Bulgaria', 'BGR', 100, 359),
(34, 'BF', 'BURKINA FASO', 'Burkina Faso', 'BFA', 854, 226),
(35, 'BI', 'BURUNDI', 'Burundi', 'BDI', 108, 257),
(36, 'KH', 'CAMBODIA', 'Cambodia', 'KHM', 116, 855),
(37, 'CM', 'CAMEROON', 'Cameroon', 'CMR', 120, 237),
(38, 'CA', 'CANADA', 'Canada', 'CAN', 124, 1),
(39, 'CV', 'CAPE VERDE', 'Cape Verde', 'CPV', 132, 238),
(40, 'KY', 'CAYMAN ISLANDS', 'Cayman Islands', 'CYM', 136, 1345),
(41, 'CF', 'CENTRAL AFRICAN REPUBLIC', 'Central African Republic', 'CAF', 140, 236),
(42, 'TD', 'CHAD', 'Chad', 'TCD', 148, 235),
(43, 'CL', 'CHILE', 'Chile', 'CHL', 152, 56),
(44, 'CN', 'CHINA', 'China', 'CHN', 156, 86),
(45, 'CX', 'CHRISTMAS ISLAND', 'Christmas Island', NULL, NULL, 61),
(46, 'CC', 'COCOS (KEELING) ISLANDS', 'Cocos (Keeling) Islands', NULL, NULL, 672),
(47, 'CO', 'COLOMBIA', 'Colombia', 'COL', 170, 57),
(48, 'KM', 'COMOROS', 'Comoros', 'COM', 174, 269),
(49, 'CG', 'CONGO', 'Congo', 'COG', 178, 242),
(50, 'CD', 'CONGO, THE DEMOCRATIC REPUBLIC OF THE', 'Congo, the Democratic Republic of the', 'COD', 180, 242),
(51, 'CK', 'COOK ISLANDS', 'Cook Islands', 'COK', 184, 682),
(52, 'CR', 'COSTA RICA', 'Costa Rica', 'CRI', 188, 506),
(53, 'CI', 'COTE D\'IVOIRE', 'Cote D\'Ivoire', 'CIV', 384, 225),
(54, 'HR', 'CROATIA', 'Croatia', 'HRV', 191, 385),
(55, 'CU', 'CUBA', 'Cuba', 'CUB', 192, 53),
(56, 'CY', 'CYPRUS', 'Cyprus', 'CYP', 196, 357),
(57, 'CZ', 'CZECH REPUBLIC', 'Czech Republic', 'CZE', 203, 420),
(58, 'DK', 'DENMARK', 'Denmark', 'DNK', 208, 45),
(59, 'DJ', 'DJIBOUTI', 'Djibouti', 'DJI', 262, 253),
(60, 'DM', 'DOMINICA', 'Dominica', 'DMA', 212, 1767),
(61, 'DO', 'DOMINICAN REPUBLIC', 'Dominican Republic', 'DOM', 214, 1809),
(62, 'EC', 'ECUADOR', 'Ecuador', 'ECU', 218, 593),
(63, 'EG', 'EGYPT', 'Egypt', 'EGY', 818, 20),
(64, 'SV', 'EL SALVADOR', 'El Salvador', 'SLV', 222, 503),
(65, 'GQ', 'EQUATORIAL GUINEA', 'Equatorial Guinea', 'GNQ', 226, 240),
(66, 'ER', 'ERITREA', 'Eritrea', 'ERI', 232, 291),
(67, 'EE', 'ESTONIA', 'Estonia', 'EST', 233, 372),
(68, 'ET', 'ETHIOPIA', 'Ethiopia', 'ETH', 231, 251),
(69, 'FK', 'FALKLAND ISLANDS (MALVINAS)', 'Falkland Islands (Malvinas)', 'FLK', 238, 500),
(70, 'FO', 'FAROE ISLANDS', 'Faroe Islands', 'FRO', 234, 298),
(71, 'FJ', 'FIJI', 'Fiji', 'FJI', 242, 679),
(72, 'FI', 'FINLAND', 'Finland', 'FIN', 246, 358),
(73, 'FR', 'FRANCE', 'France', 'FRA', 250, 33),
(74, 'GF', 'FRENCH GUIANA', 'French Guiana', 'GUF', 254, 594),
(75, 'PF', 'FRENCH POLYNESIA', 'French Polynesia', 'PYF', 258, 689),
(76, 'TF', 'FRENCH SOUTHERN TERRITORIES', 'French Southern Territories', NULL, NULL, 0),
(77, 'GA', 'GABON', 'Gabon', 'GAB', 266, 241),
(78, 'GM', 'GAMBIA', 'Gambia', 'GMB', 270, 220),
(79, 'GE', 'GEORGIA', 'Georgia', 'GEO', 268, 995),
(80, 'DE', 'GERMANY', 'Germany', 'DEU', 276, 49),
(81, 'GH', 'GHANA', 'Ghana', 'GHA', 288, 233),
(82, 'GI', 'GIBRALTAR', 'Gibraltar', 'GIB', 292, 350),
(83, 'GR', 'GREECE', 'Greece', 'GRC', 300, 30),
(84, 'GL', 'GREENLAND', 'Greenland', 'GRL', 304, 299),
(85, 'GD', 'GRENADA', 'Grenada', 'GRD', 308, 1473),
(86, 'GP', 'GUADELOUPE', 'Guadeloupe', 'GLP', 312, 590),
(87, 'GU', 'GUAM', 'Guam', 'GUM', 316, 1671),
(88, 'GT', 'GUATEMALA', 'Guatemala', 'GTM', 320, 502),
(89, 'GN', 'GUINEA', 'Guinea', 'GIN', 324, 224),
(90, 'GW', 'GUINEA-BISSAU', 'Guinea-Bissau', 'GNB', 624, 245),
(91, 'GY', 'GUYANA', 'Guyana', 'GUY', 328, 592),
(92, 'HT', 'HAITI', 'Haiti', 'HTI', 332, 509),
(93, 'HM', 'HEARD ISLAND AND MCDONALD ISLANDS', 'Heard Island and Mcdonald Islands', NULL, NULL, 0),
(94, 'VA', 'HOLY SEE (VATICAN CITY STATE)', 'Holy See (Vatican City State)', 'VAT', 336, 39),
(95, 'HN', 'HONDURAS', 'Honduras', 'HND', 340, 504),
(96, 'HK', 'HONG KONG', 'Hong Kong', 'HKG', 344, 852),
(97, 'HU', 'HUNGARY', 'Hungary', 'HUN', 348, 36),
(98, 'IS', 'ICELAND', 'Iceland', 'ISL', 352, 354),
(99, 'IN', 'INDIA', 'India', 'IND', 356, 91),
(100, 'ID', 'INDONESIA', 'Indonesia', 'IDN', 360, 62),
(101, 'IR', 'IRAN, ISLAMIC REPUBLIC OF', 'Iran, Islamic Republic of', 'IRN', 364, 98),
(102, 'IQ', 'IRAQ', 'Iraq', 'IRQ', 368, 964),
(103, 'IE', 'IRELAND', 'Ireland', 'IRL', 372, 353),
(104, 'IL', 'ISRAEL', 'Israel', 'ISR', 376, 972),
(105, 'IT', 'ITALY', 'Italy', 'ITA', 380, 39),
(106, 'JM', 'JAMAICA', 'Jamaica', 'JAM', 388, 1876),
(107, 'JP', 'JAPAN', 'Japan', 'JPN', 392, 81),
(108, 'JO', 'JORDAN', 'Jordan', 'JOR', 400, 962),
(109, 'KZ', 'KAZAKHSTAN', 'Kazakhstan', 'KAZ', 398, 7),
(110, 'KE', 'KENYA', 'Kenya', 'KEN', 404, 254),
(111, 'KI', 'KIRIBATI', 'Kiribati', 'KIR', 296, 686),
(112, 'KP', 'KOREA, DEMOCRATIC PEOPLE\'S REPUBLIC OF', 'Korea, Democratic People\'s Republic of', 'PRK', 408, 850),
(113, 'KR', 'KOREA, REPUBLIC OF', 'Korea, Republic of', 'KOR', 410, 82),
(114, 'KW', 'KUWAIT', 'Kuwait', 'KWT', 414, 965),
(115, 'KG', 'KYRGYZSTAN', 'Kyrgyzstan', 'KGZ', 417, 996),
(116, 'LA', 'LAO PEOPLE\'S DEMOCRATIC REPUBLIC', 'Lao People\'s Democratic Republic', 'LAO', 418, 856),
(117, 'LV', 'LATVIA', 'Latvia', 'LVA', 428, 371),
(118, 'LB', 'LEBANON', 'Lebanon', 'LBN', 422, 961),
(119, 'LS', 'LESOTHO', 'Lesotho', 'LSO', 426, 266),
(120, 'LR', 'LIBERIA', 'Liberia', 'LBR', 430, 231),
(121, 'LY', 'LIBYAN ARAB JAMAHIRIYA', 'Libyan Arab Jamahiriya', 'LBY', 434, 218),
(122, 'LI', 'LIECHTENSTEIN', 'Liechtenstein', 'LIE', 438, 423),
(123, 'LT', 'LITHUANIA', 'Lithuania', 'LTU', 440, 370),
(124, 'LU', 'LUXEMBOURG', 'Luxembourg', 'LUX', 442, 352),
(125, 'MO', 'MACAO', 'Macao', 'MAC', 446, 853),
(126, 'MK', 'MACEDONIA, THE FORMER YUGOSLAV REPUBLIC OF', 'Macedonia, the Former Yugoslav Republic of', 'MKD', 807, 389),
(127, 'MG', 'MADAGASCAR', 'Madagascar', 'MDG', 450, 261),
(128, 'MW', 'MALAWI', 'Malawi', 'MWI', 454, 265),
(129, 'MY', 'MALAYSIA', 'Malaysia', 'MYS', 458, 60),
(130, 'MV', 'MALDIVES', 'Maldives', 'MDV', 462, 960),
(131, 'ML', 'MALI', 'Mali', 'MLI', 466, 223),
(132, 'MT', 'MALTA', 'Malta', 'MLT', 470, 356),
(133, 'MH', 'MARSHALL ISLANDS', 'Marshall Islands', 'MHL', 584, 692),
(134, 'MQ', 'MARTINIQUE', 'Martinique', 'MTQ', 474, 596),
(135, 'MR', 'MAURITANIA', 'Mauritania', 'MRT', 478, 222),
(136, 'MU', 'MAURITIUS', 'Mauritius', 'MUS', 480, 230),
(137, 'YT', 'MAYOTTE', 'Mayotte', NULL, NULL, 269),
(138, 'MX', 'MEXICO', 'Mexico', 'MEX', 484, 52),
(139, 'FM', 'MICRONESIA, FEDERATED STATES OF', 'Micronesia, Federated States of', 'FSM', 583, 691),
(140, 'MD', 'MOLDOVA, REPUBLIC OF', 'Moldova, Republic of', 'MDA', 498, 373),
(141, 'MC', 'MONACO', 'Monaco', 'MCO', 492, 377),
(142, 'MN', 'MONGOLIA', 'Mongolia', 'MNG', 496, 976),
(143, 'MS', 'MONTSERRAT', 'Montserrat', 'MSR', 500, 1664),
(144, 'MA', 'MOROCCO', 'Morocco', 'MAR', 504, 212),
(145, 'MZ', 'MOZAMBIQUE', 'Mozambique', 'MOZ', 508, 258),
(146, 'MM', 'MYANMAR', 'Myanmar', 'MMR', 104, 95),
(147, 'NA', 'NAMIBIA', 'Namibia', 'NAM', 516, 264),
(148, 'NR', 'NAURU', 'Nauru', 'NRU', 520, 674),
(149, 'NP', 'NEPAL', 'Nepal', 'NPL', 524, 977),
(150, 'NL', 'NETHERLANDS', 'Netherlands', 'NLD', 528, 31),
(151, 'AN', 'NETHERLANDS ANTILLES', 'Netherlands Antilles', 'ANT', 530, 599),
(152, 'NC', 'NEW CALEDONIA', 'New Caledonia', 'NCL', 540, 687),
(153, 'NZ', 'NEW ZEALAND', 'New Zealand', 'NZL', 554, 64),
(154, 'NI', 'NICARAGUA', 'Nicaragua', 'NIC', 558, 505),
(155, 'NE', 'NIGER', 'Niger', 'NER', 562, 227),
(156, 'NG', 'NIGERIA', 'Nigeria', 'NGA', 566, 234),
(157, 'NU', 'NIUE', 'Niue', 'NIU', 570, 683),
(158, 'NF', 'NORFOLK ISLAND', 'Norfolk Island', 'NFK', 574, 672),
(159, 'MP', 'NORTHERN MARIANA ISLANDS', 'Northern Mariana Islands', 'MNP', 580, 1670),
(160, 'NO', 'NORWAY', 'Norway', 'NOR', 578, 47),
(161, 'OM', 'OMAN', 'Oman', 'OMN', 512, 968),
(162, 'PK', 'PAKISTAN', 'Pakistan', 'PAK', 586, 92),
(163, 'PW', 'PALAU', 'Palau', 'PLW', 585, 680),
(164, 'PS', 'PALESTINIAN TERRITORY, OCCUPIED', 'Palestinian Territory, Occupied', NULL, NULL, 970),
(165, 'PA', 'PANAMA', 'Panama', 'PAN', 591, 507),
(166, 'PG', 'PAPUA NEW GUINEA', 'Papua New Guinea', 'PNG', 598, 675),
(167, 'PY', 'PARAGUAY', 'Paraguay', 'PRY', 600, 595),
(168, 'PE', 'PERU', 'Peru', 'PER', 604, 51),
(169, 'PH', 'PHILIPPINES', 'Philippines', 'PHL', 608, 63),
(170, 'PN', 'PITCAIRN', 'Pitcairn', 'PCN', 612, 0),
(171, 'PL', 'POLAND', 'Poland', 'POL', 616, 48),
(172, 'PT', 'PORTUGAL', 'Portugal', 'PRT', 620, 351),
(173, 'PR', 'PUERTO RICO', 'Puerto Rico', 'PRI', 630, 1787),
(174, 'QA', 'QATAR', 'Qatar', 'QAT', 634, 974),
(175, 'RE', 'REUNION', 'Reunion', 'REU', 638, 262),
(176, 'RO', 'ROMANIA', 'Romania', 'ROM', 642, 40),
(177, 'RU', 'RUSSIAN FEDERATION', 'Russian Federation', 'RUS', 643, 70),
(178, 'RW', 'RWANDA', 'Rwanda', 'RWA', 646, 250),
(179, 'SH', 'SAINT HELENA', 'Saint Helena', 'SHN', 654, 290),
(180, 'KN', 'SAINT KITTS AND NEVIS', 'Saint Kitts and Nevis', 'KNA', 659, 1869),
(181, 'LC', 'SAINT LUCIA', 'Saint Lucia', 'LCA', 662, 1758),
(182, 'PM', 'SAINT PIERRE AND MIQUELON', 'Saint Pierre and Miquelon', 'SPM', 666, 508),
(183, 'VC', 'SAINT VINCENT AND THE GRENADINES', 'Saint Vincent and the Grenadines', 'VCT', 670, 1784),
(184, 'WS', 'SAMOA', 'Samoa', 'WSM', 882, 684),
(185, 'SM', 'SAN MARINO', 'San Marino', 'SMR', 674, 378),
(186, 'ST', 'SAO TOME AND PRINCIPE', 'Sao Tome and Principe', 'STP', 678, 239),
(187, 'SA', 'SAUDI ARABIA', 'Saudi Arabia', 'SAU', 682, 966),
(188, 'SN', 'SENEGAL', 'Senegal', 'SEN', 686, 221),
(189, 'CS', 'SERBIA AND MONTENEGRO', 'Serbia and Montenegro', NULL, NULL, 381),
(190, 'SC', 'SEYCHELLES', 'Seychelles', 'SYC', 690, 248),
(191, 'SL', 'SIERRA LEONE', 'Sierra Leone', 'SLE', 694, 232),
(192, 'SG', 'SINGAPORE', 'Singapore', 'SGP', 702, 65),
(193, 'SK', 'SLOVAKIA', 'Slovakia', 'SVK', 703, 421),
(194, 'SI', 'SLOVENIA', 'Slovenia', 'SVN', 705, 386),
(195, 'SB', 'SOLOMON ISLANDS', 'Solomon Islands', 'SLB', 90, 677),
(196, 'SO', 'SOMALIA', 'Somalia', 'SOM', 706, 252),
(197, 'ZA', 'SOUTH AFRICA', 'South Africa', 'ZAF', 710, 27),
(198, 'GS', 'SOUTH GEORGIA AND THE SOUTH SANDWICH ISLANDS', 'South Georgia and the South Sandwich Islands', NULL, NULL, 0),
(199, 'ES', 'SPAIN', 'Spain', 'ESP', 724, 34),
(200, 'LK', 'SRI LANKA', 'Sri Lanka', 'LKA', 144, 94),
(201, 'SD', 'SUDAN', 'Sudan', 'SDN', 736, 249),
(202, 'SR', 'SURINAME', 'Suriname', 'SUR', 740, 597),
(203, 'SJ', 'SVALBARD AND JAN MAYEN', 'Svalbard and Jan Mayen', 'SJM', 744, 47),
(204, 'SZ', 'SWAZILAND', 'Swaziland', 'SWZ', 748, 268),
(205, 'SE', 'SWEDEN', 'Sweden', 'SWE', 752, 46),
(206, 'CH', 'SWITZERLAND', 'Switzerland', 'CHE', 756, 41),
(207, 'SY', 'SYRIAN ARAB REPUBLIC', 'Syrian Arab Republic', 'SYR', 760, 963),
(208, 'TW', 'TAIWAN, PROVINCE OF CHINA', 'Taiwan, Province of China', 'TWN', 158, 886),
(209, 'TJ', 'TAJIKISTAN', 'Tajikistan', 'TJK', 762, 992),
(210, 'TZ', 'TANZANIA, UNITED REPUBLIC OF', 'Tanzania, United Republic of', 'TZA', 834, 255),
(211, 'TH', 'THAILAND', 'Thailand', 'THA', 764, 66),
(212, 'TL', 'TIMOR-LESTE', 'Timor-Leste', NULL, NULL, 670),
(213, 'TG', 'TOGO', 'Togo', 'TGO', 768, 228),
(214, 'TK', 'TOKELAU', 'Tokelau', 'TKL', 772, 690),
(215, 'TO', 'TONGA', 'Tonga', 'TON', 776, 676),
(216, 'TT', 'TRINIDAD AND TOBAGO', 'Trinidad and Tobago', 'TTO', 780, 1868),
(217, 'TN', 'TUNISIA', 'Tunisia', 'TUN', 788, 216),
(218, 'TR', 'TURKEY', 'Turkey', 'TUR', 792, 90),
(219, 'TM', 'TURKMENISTAN', 'Turkmenistan', 'TKM', 795, 7370),
(220, 'TC', 'TURKS AND CAICOS ISLANDS', 'Turks and Caicos Islands', 'TCA', 796, 1649),
(221, 'TV', 'TUVALU', 'Tuvalu', 'TUV', 798, 688),
(222, 'UG', 'UGANDA', 'Uganda', 'UGA', 800, 256),
(223, 'UA', 'UKRAINE', 'Ukraine', 'UKR', 804, 380),
(224, 'AE', 'UNITED ARAB EMIRATES', 'United Arab Emirates', 'ARE', 784, 971),
(225, 'GB', 'UNITED KINGDOM', 'United Kingdom', 'GBR', 826, 44),
(226, 'US', 'UNITED STATES', 'United States', 'USA', 840, 1),
(227, 'UM', 'UNITED STATES MINOR OUTLYING ISLANDS', 'United States Minor Outlying Islands', NULL, NULL, 1),
(228, 'UY', 'URUGUAY', 'Uruguay', 'URY', 858, 598),
(229, 'UZ', 'UZBEKISTAN', 'Uzbekistan', 'UZB', 860, 998),
(230, 'VU', 'VANUATU', 'Vanuatu', 'VUT', 548, 678),
(231, 'VE', 'VENEZUELA', 'Venezuela', 'VEN', 862, 58),
(232, 'VN', 'VIET NAM', 'Viet Nam', 'VNM', 704, 84),
(233, 'VG', 'VIRGIN ISLANDS, BRITISH', 'Virgin Islands, British', 'VGB', 92, 1284),
(234, 'VI', 'VIRGIN ISLANDS, U.S.', 'Virgin Islands, U.s.', 'VIR', 850, 1340),
(235, 'WF', 'WALLIS AND FUTUNA', 'Wallis and Futuna', 'WLF', 876, 681),
(236, 'EH', 'WESTERN SAHARA', 'Western Sahara', 'ESH', 732, 212),
(237, 'YE', 'YEMEN', 'Yemen', 'YEM', 887, 967),
(238, 'ZM', 'ZAMBIA', 'Zambia', 'ZMB', 894, 260),
(239, 'ZW', 'ZIMBABWE', 'Zimbabwe', 'ZWE', 716, 263);

-- --------------------------------------------------------

--
-- Table structure for table `coupon`
--

CREATE TABLE `coupon` (
  `id` int(11) NOT NULL,
  `name` varchar(512) NOT NULL,
  `slug` varchar(512) NOT NULL,
  `dis_amount` double DEFAULT NULL,
  `dis_percentage` double DEFAULT NULL,
  `start_date` datetime NOT NULL,
  `end_date` datetime NOT NULL,
  `is_active` tinyint(4) NOT NULL DEFAULT 1,
  `is_deleted` tinyint(4) NOT NULL DEFAULT 0,
  `created_at` timestamp NOT NULL DEFAULT current_timestamp(),
  `updated_at` timestamp NOT NULL DEFAULT current_timestamp() ON UPDATE current_timestamp(),
  `deleted_at` timestamp NULL DEFAULT NULL
) ENGINE=InnoDB DEFAULT CHARSET=utf8mb4;

--
-- Dumping data for table `coupon`
--

INSERT INTO `coupon` (`id`, `name`, `slug`, `dis_amount`, `dis_percentage`, `start_date`, `end_date`, `is_active`, `is_deleted`, `created_at`, `updated_at`, `deleted_at`) VALUES
(3, 'Coupon', 'coupon', 10, NULL, '2022-02-04 23:56:00', '2022-02-10 23:56:00', 1, 0, '2022-02-23 13:57:05', '2022-02-23 13:57:05', NULL),
(4, 'hasdfghjk', 'hasdfghjk', NULL, 2.5, '2022-02-24 18:30:23', '2022-05-24 18:30:23', 1, 0, '2022-02-23 13:57:29', '2022-02-24 18:31:46', NULL);

-- --------------------------------------------------------

--
-- Table structure for table `faqs`
--

CREATE TABLE `faqs` (
  `id` int(10) UNSIGNED NOT NULL,
  `name` varchar(255) COLLATE utf8mb4_unicode_ci DEFAULT NULL,
  `desc` text COLLATE utf8mb4_unicode_ci DEFAULT NULL,
  `star` int(11) DEFAULT NULL,
  `is_active` tinyint(4) NOT NULL DEFAULT 1,
  `is_deleted` tinyint(4) NOT NULL DEFAULT 0,
  `created_at` timestamp NOT NULL DEFAULT current_timestamp(),
  `updated_at` timestamp NOT NULL DEFAULT current_timestamp() ON UPDATE current_timestamp(),
  `deleted_at` timestamp NULL DEFAULT NULL
) ENGINE=InnoDB DEFAULT CHARSET=utf8mb4 COLLATE=utf8mb4_unicode_ci;

--
-- Dumping data for table `faqs`
--

INSERT INTO `faqs` (`id`, `name`, `desc`, `star`, `is_active`, `is_deleted`, `created_at`, `updated_at`, `deleted_at`) VALUES
(1, '', '<ol>\r\n	<li><strong>What is Nexa Forex Trading?</strong></li>\r\n</ol>\r\n\r\n<p>Nexa Forex Trading is a trading information hub that focuses on providing traders with high-quality market research, in-depth insights, and live market updates 24/7. Our experts have holistic experience in commodities, trade, indices, and other currencies. We also provide Forex Signals that teach you about market outlook in addition to these asset classes.</p>\r\n\r\n<p>&nbsp;</p>\r\n\r\n<ol>\r\n	<li><strong>How does forex trading work?</strong></li>\r\n</ol>\r\n\r\n<p>Trading forex is similar to buying one currency and selling another at the same time. If the currency you have bought increases in value against the money you have sold, you make a profit; if not, you make a loss.</p>\r\n\r\n<p>&nbsp;</p>\r\n\r\n<ol>\r\n	<li><strong>How can I manage my risk in forex trading?</strong></li>\r\n</ol>\r\n\r\n<p>There are considerable benefits in trading, but the chance of loss is always evident because it is advisable to take risks in forex trading. After all, you never know when the following number is going to be yours. Every business has benefits and drawbacks, and forex trading is no exception. Nonetheless, there are numerous ways to manage your currency risk. You can, for example, attach stops and minimise to your current position. As a result, individuals should adopt a trading style that corresponds to their mindset and accept the risk.</p>\r\n\r\n<p>&nbsp;</p>\r\n\r\n<ol>\r\n	<li><strong>Do I need any specific educational background or forex trading experience to utilise FX Leaders&rsquo; trading education and become a winning forex trader?</strong></li>\r\n</ol>\r\n\r\n<p>No, you don&#39;t need any fancy degree to learn about FX trading. With Nexa Forex Trading&#39;s service, you can take full advantage of the forex trading wealth and learn about trading. The secret of forex trading is that the sooner you begin, the more successful and wealthy you will become. Even if you&#39;ve never traded forex before, we can teach you everything you need to know to get started in this exciting market.</p>\r\n\r\n<p>&nbsp;</p>\r\n\r\n<ol>\r\n	<li><strong>What are Nexa Forex Signals?</strong></li>\r\n</ol>\r\n\r\n<p>Nexa Forex Trading is a team of highly qualified traders and market researchers. Our experts are constantly scouring the forex, commodities, and other markets for the best opportunities for you.</p>\r\n\r\n<p>&nbsp;</p>\r\n\r\n<ol>\r\n	<li><strong>How can I effectively manage the risks associated with forex trading?</strong></li>\r\n</ol>\r\n\r\n<p>Empowering yourself with actual forex trading knowledge is one of the most powerful strategies to handle the risks concerned with forex trading. If you&#39;re thinking along with these ideas, you&#39;re on the right track. The Nexa Forex Trading handbook is jam-packed with helpful information about forex trading and investing. Money management, suggestions, trading techniques, market analysis, and much more are all covered.</p>\r\n\r\n<p>&nbsp;</p>\r\n\r\n<p><strong>Disclaimer</strong></p>\r\n\r\n<p>Forex, cryptocurrency, indices, and commodity trading carry a high level of risk and are not appropriate for all traders. The high level of leverage can work in traders&#39; favour as well as against them. When investing in forex, crypto, stocks, or commodities, think about your goals, prior experience, and risk tolerance. Because trading might result in a loss of investment, you should not make an investment you simply can not afford.</p>\r\n', NULL, 1, 0, '2021-12-06 19:59:51', '2021-12-16 11:21:45', NULL);

-- --------------------------------------------------------

--
-- Table structure for table `instructors`
--

CREATE TABLE `instructors` (
  `id` int(11) NOT NULL,
  `user_id` int(11) NOT NULL,
  `name` varchar(255) NOT NULL,
  `desc` text NOT NULL,
  `is_active` tinyint(4) NOT NULL DEFAULT 1,
  `is_deleted` tinyint(4) NOT NULL DEFAULT 0,
  `created_at` timestamp NOT NULL DEFAULT current_timestamp(),
  `updated_at` timestamp NOT NULL DEFAULT current_timestamp() ON UPDATE current_timestamp(),
  `deleted_at` timestamp NULL DEFAULT NULL
) ENGINE=InnoDB DEFAULT CHARSET=utf8mb4;

--
-- Dumping data for table `instructors`
--

INSERT INTO `instructors` (`id`, `user_id`, `name`, `desc`, `is_active`, `is_deleted`, `created_at`, `updated_at`, `deleted_at`) VALUES
(8, 97, 'Daniel', 'Daniel', 1, 0, '2022-02-04 15:34:52', '2022-02-04 16:32:06', NULL),
(14, 1, 'Shea Bell', 'Owner and Director of Player Development', 1, 0, '2022-02-07 23:51:20', '2022-02-08 00:04:07', NULL),
(15, 106, 'Jose', 'Gracie', 1, 0, '2022-02-11 02:46:23', '2022-02-11 02:46:23', NULL);

-- --------------------------------------------------------

--
-- Table structure for table `instructor_profile`
--

CREATE TABLE `instructor_profile` (
  `id` int(11) NOT NULL,
  `user_id` int(11) NOT NULL,
  `desc` text NOT NULL,
  `image` text DEFAULT NULL,
  `is_active` tinyint(4) NOT NULL DEFAULT 1,
  `is_deleted` tinyint(4) NOT NULL DEFAULT 0,
  `created_at` timestamp NOT NULL DEFAULT current_timestamp(),
  `updated_at` timestamp NOT NULL DEFAULT current_timestamp() ON UPDATE current_timestamp(),
  `deleted_at` timestamp NULL DEFAULT NULL
) ENGINE=InnoDB DEFAULT CHARSET=utf8mb4;

--
-- Dumping data for table `instructor_profile`
--

INSERT INTO `instructor_profile` (`id`, `user_id`, `desc`, `image`, `is_active`, `is_deleted`, `created_at`, `updated_at`, `deleted_at`) VALUES
(17, 1, '<h3><strong>Family Background</strong></h3>\r\n\r\n<p>Shea Bell has had a deep passion for sports, especially baseball, since the day he could grip the wiffle ball bat. Shea is one of 4 sons of DJ and Laura Bell. DJ Bell grew up in Crawford, NE where he pitched in High School and at Chadron State University while getting his degree. Laura Bell was born and raised in Fort Collins, CO where she attended Poudre High School, and played all sports along with cheerleading before going to Chadron State University to get her degree. The Bell family has been born and bread to have a passion for sports.</p>\r\n\r\n<p>With 4 boys that passion started with the first born Brycen. Brycen Bell played at Rocky Mountain earning numerous honors both academically and athletically. From Rocky, Brycen continued his career at Garden City Community College and Texas A&amp;M Corpus Christi University. He then played 4 seasons of Pro ball in the Pecos League, including two seasons overseas in Australia.</p>\r\n\r\n<p>The two middle children are Shea and Trevor Bell. Trevor Bell also played at Rocky Mountain High School and Garden City Community college before he continued his career at Truman State University. While at Truman, he went to a D-2 College world Series with the Bulldogs. Trevor is now finishing up his degree in Physics at Truman State.</p>\r\n\r\n<p>The youngest brother is Chad Bell. Chad Bell, like all the other Bell boys, played at Rocky Mountain. Chad earned a State Championship with the Lobos along with some athletic and academic honors. From there, Chad went to Western Nevada Community College where he played 1 season and then got recruited to play at Louisiana-Monroe University in the Sunbelt Conference. Chad is currently a junior at Monroe and is hoping to continue his strong baseball career with another promising season.</p>\r\n\r\n<p>Shea loves all sports, hiking/outdoors, and spending time with his family and friends when he isn&rsquo;t at the facility.</p>\r\n', 'a:2:{i:0;s:40:\"uploads/instructor/1644277316_shea-1.jpg\";i:1;s:40:\"uploads/instructor/1644277316_shea-2.jpg\";}', 1, 0, '2022-02-07 18:41:56', '2022-02-07 18:41:56', NULL),
(18, 1, '<h3><strong>Baseball Background</strong></h3>\r\n\r\n<ul>\r\n	<li>2 Year Letter with Rocky Mountain High School with 2 of those years being State Champions</li>\r\n	<li>2 Year Starter at Garden City Community College\r\n	<ul>\r\n		<li>1 Sub regional Title</li>\r\n		<li>Conference Champions</li>\r\n		<li>All Conference Honors</li>\r\n	</ul>\r\n	</li>\r\n	<li>2 Year Starter at Coker College\r\n	<ul>\r\n		<li>2 Time Gold Glove Nominee</li>\r\n		<li>1 Conference Championship and Ring</li>\r\n		<li>1 Regional Title and Ring</li>\r\n		<li>1 College World Series Appearance</li>\r\n		<li>Interest from several MLB teams</li>\r\n	</ul>\r\n	</li>\r\n	<li>2 Years of Professional Baseball\r\n	<ul>\r\n		<li>Captain of the Garden City Wind and Starting Short Stop</li>\r\n		<li>Conference Championship with the Trinidad Triggers</li>\r\n	</ul>\r\n	</li>\r\n</ul>\r\n', 'a:1:{i:0;s:40:\"uploads/instructor/1644277339_shea-3.jpg\";}', 1, 0, '2022-02-07 18:42:19', '2022-02-07 18:42:19', NULL),
(19, 1, '<h3><strong>Coaching Background</strong></h3>\r\n\r\n<ul>\r\n	<li>1 Year Assistant JV Coach at Rocky Mountain High School</li>\r\n	<li>1 Year Varsity Hitting and Fielding Coach at Poudre High School</li>\r\n	<li>3 Years of Private lessons spanning from Hitting, Pitching, Fielding Lessons all the way to Speed and Agility/Power sessions.</li>\r\n	<li>2 Year as the Owner/Head Coach of the Colorado BB&rsquo;s High School Showcase Team\r\n	<ul>\r\n		<li>4 Seniors signed in their first year</li>\r\n	</ul>\r\n	</li>\r\n</ul>\r\n', NULL, 1, 0, '2022-02-07 18:42:49', '2022-02-07 18:42:49', NULL),
(20, 1, '<p>ASDFHGJ</p>\r\n', 'a:3:{i:0;s:41:\"uploads/instructor/1644537077_BB-Logo.png\";i:1;s:50:\"uploads/instructor/1644537077_commitment-img-1.png\";i:2;s:50:\"uploads/instructor/1644537077_commitment-img-2.png\";}', 0, 1, '2022-02-11 04:51:03', '2022-02-11 04:54:45', NULL),
(21, 1, '<p>Check</p>\r\n', 'a:1:{i:0;s:45:\"uploads/instructor/1644537095_ebook-img-1.png\";}', 0, 1, '2022-02-11 04:51:35', '2022-02-11 04:54:11', NULL),
(22, 1, '<p>asdfgh</p>\r\n', 'a:7:{i:0;s:102:\"uploads/instructor/1644537162_2021-Showdown-At-The-Well-p1t871qhl6821ejb2lqzx4ui9eo14vug0l2d6l0w74.png\";i:1;s:48:\"uploads/instructor/1644537162_Asset-3@2x (1).png\";i:2;s:44:\"uploads/instructor/1644537162_Asset-3@2x.png\";i:3;s:51:\"uploads/instructor/1644537162_Austin Williamson.jpg\";i:4;s:48:\"uploads/instructor/1644537162_background-img.png\";i:5;s:41:\"uploads/instructor/1644537162_banner2.jpg\";i:6;s:41:\"uploads/instructor/1644537162_BB-Logo.png\";}', 0, 1, '2022-02-11 04:52:42', '2022-02-11 04:54:08', NULL);

-- --------------------------------------------------------

--
-- Table structure for table `leave_application`
--

CREATE TABLE `leave_application` (
  `id` int(10) UNSIGNED NOT NULL,
  `project_id` int(11) NOT NULL,
  `code` varchar(255) COLLATE utf8mb4_unicode_ci NOT NULL,
  `emp_id` int(11) NOT NULL,
  `tl_id` int(11) NOT NULL,
  `department` int(11) NOT NULL,
  `designation` int(11) NOT NULL,
  `title` varchar(255) COLLATE utf8mb4_unicode_ci NOT NULL,
  `leave_type` int(11) NOT NULL,
  `start_date` datetime NOT NULL,
  `end_date` datetime NOT NULL,
  `reason` text COLLATE utf8mb4_unicode_ci NOT NULL,
  `day` varchar(255) COLLATE utf8mb4_unicode_ci NOT NULL,
  `status` int(11) NOT NULL DEFAULT 1 COMMENT '1:Pending,2:Approved,3:Rejected',
  `is_active` tinyint(4) NOT NULL DEFAULT 1,
  `is_deleted` tinyint(4) NOT NULL DEFAULT 0,
  `created_at` timestamp NOT NULL DEFAULT current_timestamp(),
  `updated_at` timestamp NULL DEFAULT NULL ON UPDATE current_timestamp(),
  `deleted_at` timestamp NULL DEFAULT NULL,
  `update_by` int(11) DEFAULT NULL,
  `update_reason` varchar(255) COLLATE utf8mb4_unicode_ci DEFAULT NULL
) ENGINE=InnoDB DEFAULT CHARSET=utf8mb4 COLLATE=utf8mb4_unicode_ci;

--
-- Dumping data for table `leave_application`
--

INSERT INTO `leave_application` (`id`, `project_id`, `code`, `emp_id`, `tl_id`, `department`, `designation`, `title`, `leave_type`, `start_date`, `end_date`, `reason`, `day`, `status`, `is_active`, `is_deleted`, `created_at`, `updated_at`, `deleted_at`, `update_by`, `update_reason`) VALUES
(1, 29, 'DRF08A2BC5', 1000, 1027, 5, 14, 'Cough', 1, '2021-07-06 00:00:00', '2021-07-08 00:00:00', 'test', '3', 2, 1, 0, '2021-07-05 16:18:47', '2021-07-06 21:55:21', NULL, 1045, 'test'),
(2, 29, 'ZWCDJBHS8O', 1000, 1027, 5, 14, 'Tour', 3, '2021-07-12 00:00:00', '2021-07-16 00:00:00', 'Lorem Ipsum is simply dummy text of the printing and typesetting industry. Lorem Ipsum has been the industry\'s standard dummy text ever since the 1500s,', '5', 3, 1, 0, '2021-07-05 16:25:43', '2021-07-07 01:28:43', NULL, 1045, 'Poor Performance'),
(3, 29, '6VL10PSN7J', 1037, 1032, 7, 9, 'test', 1, '2021-07-06 00:00:00', '2021-07-14 00:00:00', 'test', '9', 1, 1, 0, '2021-07-06 05:28:05', '2021-07-06 21:51:55', NULL, 1045, NULL),
(4, 29, 'ZJQOLG2FD7', 1020, 1027, 5, 11, 'Illness', 1, '2021-07-07 00:00:00', '2021-07-08 00:00:00', 'Test', '2', 2, 1, 0, '2021-07-06 18:45:35', '2021-07-06 21:49:26', NULL, 1000, 'test test testset set setsetstsetset'),
(5, 29, 'RN2QC0HGF4', 1020, 1027, 5, 11, 'Jessica Specter', 1, '2021-07-09 00:00:00', '2021-07-09 00:00:00', 'tsetst', '1', 1, 0, 1, '2021-07-07 09:21:35', '2021-07-07 09:46:09', NULL, NULL, NULL),
(6, 29, '5IDKA93TG8', 1020, 1027, 5, 11, 'Jessica Specter', 1, '2021-07-07 00:00:00', '2021-07-07 00:00:00', 'test', '1', 1, 0, 1, '2021-07-07 09:36:45', '2021-07-07 09:45:21', NULL, NULL, NULL),
(7, 29, 'OHSZ8XRFTG', 1020, 1027, 5, 11, 'Jessica Specter', 2, '2021-07-09 00:00:00', '2021-07-09 00:00:00', 'test', '1', 1, 1, 0, '2021-07-07 09:47:04', '2021-07-07 09:47:04', NULL, NULL, NULL),
(8, 29, 'P0J6MSGVOC', 1000, 1027, 5, 14, 'Fever', 1, '2021-07-23 00:00:00', '2021-07-28 00:00:00', 'Having Fever', '6', 2, 1, 0, '2021-07-19 18:00:27', '2021-07-19 18:02:26', NULL, 1027, 'test');

-- --------------------------------------------------------

--
-- Table structure for table `logo`
--

CREATE TABLE `logo` (
  `id` int(11) NOT NULL,
  `image` varchar(255) NOT NULL,
  `is_active` tinyint(4) NOT NULL DEFAULT 1,
  `is_deleted` tinyint(4) NOT NULL DEFAULT 0,
  `created_at` timestamp NOT NULL DEFAULT current_timestamp(),
  `updated_at` timestamp NOT NULL DEFAULT current_timestamp() ON UPDATE current_timestamp(),
  `deleted_at` timestamp NULL DEFAULT NULL
) ENGINE=InnoDB DEFAULT CHARSET=utf8mb4;

--
-- Dumping data for table `logo`
--

INSERT INTO `logo` (`id`, `image`, `is_active`, `is_deleted`, `created_at`, `updated_at`, `deleted_at`) VALUES
(8, 'uploads/logo/faad3367510cff9773dd1ed72086e259/3nLj95mZHzfiG91G6NUXAUcdggolSY5I6SENI7zE.png', 1, 0, '2022-03-02 16:44:12', '2022-03-02 16:44:12', NULL),
(10, 'uploads/logo/1f56ce056319e5539c73c0a52b8ed345/SU6VJluRU4mP1yFCAEL26VkU99pM5YeUtr2a7mLX.png', 1, 0, '2022-03-02 16:46:03', '2022-03-02 16:46:03', NULL),
(11, 'uploads/logo/cf37072517bcc7ae0e2fe4adfd6e73a2/aF2kBumnQGxwrtt11RYrVTDQ6gCReUzsz3N9jCPQ.png', 1, 0, '2022-03-02 16:47:08', '2022-03-02 16:47:08', NULL),
(12, 'uploads/logo/4e3005e2f801d3cd1e183fdc969677e9/wN7WKykfNIov2LxxGjmuskgSIVGZBdwhTlIdyEEp.png', 1, 0, '2022-03-02 16:47:24', '2022-03-02 16:47:24', NULL);

-- --------------------------------------------------------

--
-- Table structure for table `migrations`
--

CREATE TABLE `migrations` (
  `id` int(10) UNSIGNED NOT NULL,
  `migration` varchar(255) COLLATE utf8mb4_unicode_ci NOT NULL,
  `batch` int(11) NOT NULL
) ENGINE=InnoDB DEFAULT CHARSET=utf8mb4 COLLATE=utf8mb4_unicode_ci;

--
-- Dumping data for table `migrations`
--

INSERT INTO `migrations` (`id`, `migration`, `batch`) VALUES
(1, '2014_10_12_000000_create_departments_table', 1),
(2, '2014_10_12_000000_create_designations_table', 1),
(3, '2014_10_12_000000_create_users_table', 1),
(4, '2014_10_12_100000_create_password_resets_table', 1),
(5, '2019_08_19_000000_create_failed_jobs_table', 1),
(6, '2021_05_08_010845_attributes', 1),
(7, '2021_05_12_051804_role_assign', 1),
(1, '2014_10_12_000000_create_departments_table', 1),
(2, '2014_10_12_000000_create_designations_table', 1),
(3, '2014_10_12_000000_create_users_table', 1),
(4, '2014_10_12_100000_create_password_resets_table', 1),
(5, '2019_08_19_000000_create_failed_jobs_table', 1),
(6, '2021_05_08_010845_attributes', 1),
(7, '2021_05_12_051804_role_assign', 1),
(1, '2014_10_12_000000_create_departments_table', 1),
(2, '2014_10_12_000000_create_designations_table', 1),
(3, '2014_10_12_000000_create_users_table', 1),
(4, '2014_10_12_100000_create_password_resets_table', 1),
(5, '2019_08_19_000000_create_failed_jobs_table', 1),
(6, '2021_05_08_010845_attributes', 1),
(7, '2021_05_12_051804_role_assign', 1),
(1, '2014_10_12_000000_create_departments_table', 1),
(2, '2014_10_12_000000_create_designations_table', 1),
(3, '2014_10_12_000000_create_users_table', 1),
(4, '2014_10_12_100000_create_password_resets_table', 1),
(5, '2019_08_19_000000_create_failed_jobs_table', 1),
(6, '2021_05_08_010845_attributes', 1),
(7, '2021_05_12_051804_role_assign', 1),
(1, '2014_10_12_000000_create_departments_table', 1),
(2, '2014_10_12_000000_create_designations_table', 1),
(3, '2014_10_12_000000_create_users_table', 1),
(4, '2014_10_12_100000_create_password_resets_table', 1),
(5, '2019_08_19_000000_create_failed_jobs_table', 1),
(6, '2021_05_08_010845_attributes', 1),
(7, '2021_05_12_051804_role_assign', 1),
(1, '2014_10_12_000000_create_departments_table', 1),
(2, '2014_10_12_000000_create_designations_table', 1),
(3, '2014_10_12_000000_create_users_table', 1),
(4, '2014_10_12_100000_create_password_resets_table', 1),
(5, '2019_08_19_000000_create_failed_jobs_table', 1),
(6, '2021_05_08_010845_attributes', 1),
(7, '2021_05_12_051804_role_assign', 1),
(1, '2014_10_12_000000_create_departments_table', 1),
(2, '2014_10_12_000000_create_designations_table', 1),
(3, '2014_10_12_000000_create_users_table', 1),
(4, '2014_10_12_100000_create_password_resets_table', 1),
(5, '2019_08_19_000000_create_failed_jobs_table', 1),
(6, '2021_05_08_010845_attributes', 1),
(7, '2021_05_12_051804_role_assign', 1),
(1, '2014_10_12_000000_create_departments_table', 1),
(2, '2014_10_12_000000_create_designations_table', 1),
(3, '2014_10_12_000000_create_users_table', 1),
(4, '2014_10_12_100000_create_password_resets_table', 1),
(5, '2019_08_19_000000_create_failed_jobs_table', 1),
(6, '2021_05_08_010845_attributes', 1),
(7, '2021_05_12_051804_role_assign', 1);

-- --------------------------------------------------------

--
-- Table structure for table `new_feeds`
--

CREATE TABLE `new_feeds` (
  `id` int(10) UNSIGNED NOT NULL,
  `resp_data` text COLLATE utf8mb4_unicode_ci NOT NULL,
  `is_active` tinyint(4) NOT NULL DEFAULT 1,
  `is_deleted` tinyint(4) NOT NULL DEFAULT 0,
  `created_at` timestamp NOT NULL DEFAULT current_timestamp(),
  `updated_at` timestamp NOT NULL DEFAULT current_timestamp() ON UPDATE current_timestamp(),
  `deleted_at` timestamp NULL DEFAULT NULL
) ENGINE=InnoDB DEFAULT CHARSET=utf8mb4 COLLATE=utf8mb4_unicode_ci;

--
-- Dumping data for table `new_feeds`
--

INSERT INTO `new_feeds` (`id`, `resp_data`, `is_active`, `is_deleted`, `created_at`, `updated_at`, `deleted_at`) VALUES
(1, 'a:5:{s:6:\"status\";b:1;s:4:\"code\";i:200;s:3:\"msg\";s:12:\"Successfully\";s:8:\"response\";a:3:{i:0;a:10:{s:2:\"id\";s:1:\"1\";s:1:\"o\";s:7:\"1.12921\";s:1:\"h\";s:7:\"1.13246\";s:1:\"l\";s:7:\"1.12651\";s:1:\"c\";s:7:\"1.13224\";s:2:\"ch\";s:8:\"+0.00303\";s:2:\"cp\";s:6:\"+0.27%\";s:1:\"t\";s:10:\"1639160007\";s:1:\"s\";s:7:\"EUR/USD\";s:2:\"tm\";s:19:\"2021-12-10 18:13:27\";}i:1;a:10:{s:2:\"id\";s:2:\"20\";s:1:\"o\";s:7:\"113.444\";s:1:\"h\";s:6:\"113.80\";s:1:\"l\";s:7:\"113.220\";s:1:\"c\";s:7:\"113.343\";s:2:\"ch\";s:6:\"-0.101\";s:2:\"cp\";s:6:\"-0.09%\";s:1:\"t\";s:10:\"1639160013\";s:1:\"s\";s:7:\"USD/JPY\";s:2:\"tm\";s:19:\"2021-12-10 18:13:33\";}i:2;a:10:{s:2:\"id\";s:2:\"41\";s:1:\"o\";s:7:\"1.22044\";s:1:\"h\";s:7:\"1.22347\";s:1:\"l\";s:7:\"1.21752\";s:1:\"c\";s:7:\"1.22134\";s:2:\"ch\";s:8:\"+0.00090\";s:2:\"cp\";s:6:\"+0.07%\";s:1:\"t\";s:10:\"1639160017\";s:1:\"s\";s:7:\"GBP/CHF\";s:2:\"tm\";s:19:\"2021-12-10 18:13:37\";}}s:4:\"info\";a:3:{s:11:\"server_time\";s:23:\"2021-12-10 18:15:03 UTC\";s:12:\"credit_count\";i:1;s:2:\"_t\";s:23:\"2021-12-10 18:15:03 UTC\";}}', 0, 1, '2021-12-10 13:15:02', '2021-12-15 05:59:56', NULL),
(2, 'a:5:{s:6:\"status\";b:1;s:4:\"code\";i:200;s:3:\"msg\";s:12:\"Successfully\";s:8:\"response\";a:3:{i:0;a:10:{s:2:\"id\";s:1:\"1\";s:1:\"o\";s:7:\"1.12572\";s:1:\"h\";s:7:\"1.12695\";s:1:\"l\";s:7:\"1.12548\";s:1:\"c\";s:7:\"1.12651\";s:2:\"ch\";s:8:\"+0.00079\";s:2:\"cp\";s:6:\"+0.07%\";s:1:\"t\";s:10:\"1639529985\";s:1:\"s\";s:7:\"EUR/USD\";s:2:\"tm\";s:19:\"2021-12-15 00:59:45\";}i:1;a:10:{s:2:\"id\";s:2:\"20\";s:1:\"o\";s:7:\"113.714\";s:1:\"h\";s:6:\"113.80\";s:1:\"l\";s:7:\"113.670\";s:1:\"c\";s:7:\"113.758\";s:2:\"ch\";s:6:\"+0.044\";s:2:\"cp\";s:6:\"+0.04%\";s:1:\"t\";s:10:\"1639529981\";s:1:\"s\";s:7:\"USD/JPY\";s:2:\"tm\";s:19:\"2021-12-15 00:59:41\";}i:2;a:10:{s:2:\"id\";s:2:\"41\";s:1:\"o\";s:7:\"1.22314\";s:1:\"h\";s:7:\"1.22415\";s:1:\"l\";s:7:\"1.22134\";s:1:\"c\";s:7:\"1.22270\";s:2:\"ch\";s:8:\"-0.00044\";s:2:\"cp\";s:6:\"-0.04%\";s:1:\"t\";s:10:\"1639529975\";s:1:\"s\";s:7:\"GBP/CHF\";s:2:\"tm\";s:19:\"2021-12-15 00:59:35\";}}s:4:\"info\";a:2:{s:11:\"server_time\";s:23:\"2021-12-15 00:59:56 UTC\";s:12:\"credit_count\";i:1;}}', 0, 1, '2021-12-15 05:59:56', '2021-12-15 06:01:19', NULL),
(3, 'a:5:{s:6:\"status\";b:1;s:4:\"code\";i:200;s:3:\"msg\";s:12:\"Successfully\";s:8:\"response\";a:3:{i:0;a:10:{s:2:\"id\";s:1:\"1\";s:1:\"o\";s:7:\"1.12572\";s:1:\"h\";s:7:\"1.12695\";s:1:\"l\";s:7:\"1.12548\";s:1:\"c\";s:7:\"1.12651\";s:2:\"ch\";s:8:\"+0.00079\";s:2:\"cp\";s:6:\"+0.07%\";s:1:\"t\";s:10:\"1639529985\";s:1:\"s\";s:7:\"EUR/USD\";s:2:\"tm\";s:19:\"2021-12-15 00:59:45\";}i:1;a:10:{s:2:\"id\";s:2:\"20\";s:1:\"o\";s:7:\"113.714\";s:1:\"h\";s:6:\"113.80\";s:1:\"l\";s:7:\"113.670\";s:1:\"c\";s:7:\"113.758\";s:2:\"ch\";s:6:\"+0.044\";s:2:\"cp\";s:6:\"+0.04%\";s:1:\"t\";s:10:\"1639529981\";s:1:\"s\";s:7:\"USD/JPY\";s:2:\"tm\";s:19:\"2021-12-15 00:59:41\";}i:2;a:10:{s:2:\"id\";s:2:\"41\";s:1:\"o\";s:7:\"1.22314\";s:1:\"h\";s:7:\"1.22415\";s:1:\"l\";s:7:\"1.22134\";s:1:\"c\";s:7:\"1.22270\";s:2:\"ch\";s:8:\"-0.00044\";s:2:\"cp\";s:6:\"-0.04%\";s:1:\"t\";s:10:\"1639529975\";s:1:\"s\";s:7:\"GBP/CHF\";s:2:\"tm\";s:19:\"2021-12-15 00:59:35\";}}s:4:\"info\";a:3:{s:11:\"server_time\";s:23:\"2021-12-15 01:01:18 UTC\";s:12:\"credit_count\";i:1;s:2:\"_t\";s:23:\"2021-12-15 01:01:18 UTC\";}}', 1, 0, '2021-12-15 06:01:19', '2021-12-15 06:01:19', NULL);

-- --------------------------------------------------------

--
-- Table structure for table `orders`
--

CREATE TABLE `orders` (
  `id` int(11) NOT NULL,
  `user_id` int(11) NOT NULL,
  `order_details_id` int(11) NOT NULL,
  `product_id` int(11) NOT NULL,
  `colour` int(11) DEFAULT NULL,
  `size` int(11) DEFAULT NULL,
  `qty` int(11) NOT NULL,
  `cost` double NOT NULL,
  `amount` int(11) DEFAULT NULL,
  `paid_status` varchar(255) DEFAULT NULL,
  `is_active` tinyint(4) NOT NULL DEFAULT 1,
  `is_deleted` tinyint(4) NOT NULL DEFAULT 0,
  `created_at` timestamp NOT NULL DEFAULT current_timestamp(),
  `updated_at` timestamp NOT NULL DEFAULT current_timestamp(),
  `deleted_at` timestamp NULL DEFAULT NULL
) ENGINE=InnoDB DEFAULT CHARSET=utf8mb4;

--
-- Dumping data for table `orders`
--

INSERT INTO `orders` (`id`, `user_id`, `order_details_id`, `product_id`, `colour`, `size`, `qty`, `cost`, `amount`, `paid_status`, `is_active`, `is_deleted`, `created_at`, `updated_at`, `deleted_at`) VALUES
(64, 145, 61, 115, NULL, NULL, 14, 168, NULL, NULL, 1, 0, '2022-03-08 21:07:03', '2022-03-08 21:07:03', NULL),
(65, 145, 61, 117, 1, 10, 1, 22.99, NULL, NULL, 1, 0, '2022-03-08 21:07:03', '2022-03-08 21:07:03', NULL),
(66, 145, 62, 117, 9, 1, 9, 206.91, NULL, NULL, 1, 0, '2022-03-08 21:11:56', '2022-03-08 21:11:56', NULL),
(67, 145, 62, 113, 1, 3, 3, 450, NULL, NULL, 1, 0, '2022-03-08 21:11:56', '2022-03-08 21:11:56', NULL),
(68, 145, 63, 157, 37, 6, 4, 119.96, NULL, NULL, 1, 0, '2022-03-09 16:32:53', '2022-03-09 16:32:53', NULL),
(69, 145, 63, 128, 17, 1, 3, 68.97, NULL, NULL, 1, 0, '2022-03-09 16:32:53', '2022-03-09 16:32:53', NULL),
(70, 145, 64, 156, NULL, NULL, 4, 399.96, NULL, NULL, 1, 0, '2022-03-09 17:34:30', '2022-03-09 17:34:30', NULL),
(71, 145, 64, 155, NULL, NULL, 4, 399.96, NULL, NULL, 1, 0, '2022-03-09 17:34:31', '2022-03-09 17:34:31', NULL),
(72, 145, 64, 154, NULL, NULL, 2, 60, NULL, NULL, 1, 0, '2022-03-09 17:34:31', '2022-03-09 17:34:31', NULL),
(73, 145, 64, 153, NULL, NULL, 1, 89.99, NULL, NULL, 1, 0, '2022-03-09 17:34:31', '2022-03-09 17:34:31', NULL),
(74, 145, 64, 152, NULL, NULL, 2, 179.98, NULL, NULL, 1, 0, '2022-03-09 17:34:31', '2022-03-09 17:34:31', NULL),
(75, 145, 64, 151, NULL, NULL, 5, 449.95, NULL, NULL, 1, 0, '2022-03-09 17:34:31', '2022-03-09 17:34:31', NULL),
(76, 145, 64, 150, NULL, NULL, 3, 98.97, NULL, NULL, 1, 0, '2022-03-09 17:34:31', '2022-03-09 17:34:31', NULL),
(77, 145, 64, 149, NULL, NULL, 6, 600, NULL, NULL, 1, 0, '2022-03-09 17:34:31', '2022-03-09 17:34:31', NULL),
(78, 145, 64, 148, NULL, NULL, 9, 1575, NULL, NULL, 1, 0, '2022-03-09 17:34:31', '2022-03-09 17:34:31', NULL),
(79, 145, 64, 147, NULL, NULL, 3, 525, NULL, NULL, 1, 0, '2022-03-09 17:34:31', '2022-03-09 17:34:31', NULL),
(80, 145, 64, 146, NULL, NULL, 1, 100, NULL, NULL, 1, 0, '2022-03-09 17:34:31', '2022-03-09 17:34:31', NULL),
(81, 145, 64, 131, 20, 7, 3, 77.97, NULL, NULL, 1, 0, '2022-03-09 17:34:31', '2022-03-09 17:34:31', NULL),
(82, 145, 64, 136, NULL, NULL, 2, 49.98, NULL, NULL, 1, 0, '2022-03-09 17:34:31', '2022-03-09 17:34:31', NULL),
(83, 145, 64, 134, NULL, NULL, 1, 24.99, NULL, NULL, 1, 0, '2022-03-09 17:34:31', '2022-03-09 17:34:31', NULL),
(84, 145, 64, 142, NULL, NULL, 3, 74.97, NULL, NULL, 1, 0, '2022-03-09 17:34:31', '2022-03-09 17:34:31', NULL),
(85, 145, 64, 131, 7, 7, 3, 77.97, NULL, NULL, 1, 0, '2022-03-09 17:34:31', '2022-03-09 17:34:31', NULL),
(86, 145, 64, 157, 36, 6, 5, 149.95, NULL, NULL, 1, 0, '2022-03-09 17:34:31', '2022-03-09 17:34:31', NULL),
(87, 145, 64, 145, NULL, NULL, 3, 164.97, NULL, NULL, 1, 0, '2022-03-09 17:34:31', '2022-03-09 17:34:31', NULL),
(88, 145, 64, 144, NULL, NULL, 3, 90, NULL, NULL, 1, 0, '2022-03-09 17:34:31', '2022-03-09 17:34:31', NULL),
(89, 145, 64, 143, NULL, NULL, 3, 297, NULL, NULL, 1, 0, '2022-03-09 17:34:31', '2022-03-09 17:34:31', NULL),
(90, 145, 64, 141, NULL, NULL, 3, 74.97, NULL, NULL, 1, 0, '2022-03-09 17:34:31', '2022-03-09 17:34:31', NULL),
(91, 145, 64, 140, NULL, NULL, 4, 99.96, NULL, NULL, 1, 0, '2022-03-09 17:34:31', '2022-03-09 17:34:31', NULL),
(92, 145, 64, 139, NULL, NULL, 2, 49.98, NULL, NULL, 1, 0, '2022-03-09 17:34:31', '2022-03-09 17:34:31', NULL),
(93, 145, 64, 138, NULL, NULL, 1, 24.99, NULL, NULL, 1, 0, '2022-03-09 17:34:31', '2022-03-09 17:34:31', NULL),
(94, 145, 64, 137, NULL, NULL, 1, 24.99, NULL, NULL, 1, 0, '2022-03-09 17:34:31', '2022-03-09 17:34:31', NULL),
(95, 145, 64, 135, NULL, NULL, 1, 24.99, NULL, NULL, 1, 0, '2022-03-09 17:34:31', '2022-03-09 17:34:31', NULL),
(96, 145, 64, 133, NULL, NULL, 2, 49.98, NULL, NULL, 1, 0, '2022-03-09 17:34:31', '2022-03-09 17:34:31', NULL),
(97, 145, 64, 132, NULL, NULL, 2, 49.98, NULL, NULL, 1, 0, '2022-03-09 17:34:31', '2022-03-09 17:34:31', NULL),
(98, 145, 64, 131, 7, 8, 3, 77.97, NULL, NULL, 1, 0, '2022-03-09 17:34:31', '2022-03-09 17:34:31', NULL),
(99, 145, 64, 130, 19, 7, 2, 65.98, NULL, NULL, 1, 0, '2022-03-09 17:34:31', '2022-03-09 17:34:31', NULL),
(100, 145, 64, 129, 16, 3, 3, 68.97, NULL, NULL, 1, 0, '2022-03-09 17:34:31', '2022-03-09 17:34:31', NULL),
(101, 145, 64, 128, 15, 10, 4, 91.96, NULL, NULL, 1, 0, '2022-03-09 17:34:31', '2022-03-09 17:34:31', NULL),
(102, 145, 64, 128, 13, 11, 3, 68.97, NULL, NULL, 1, 0, '2022-03-09 17:34:31', '2022-03-09 17:34:31', NULL),
(103, 145, 64, 127, 16, 2, 3, 74.97, NULL, NULL, 1, 0, '2022-03-09 17:34:31', '2022-03-09 17:34:31', NULL),
(104, 145, 64, 127, 17, 11, 3, 74.97, NULL, NULL, 1, 0, '2022-03-09 17:34:31', '2022-03-09 17:34:31', NULL),
(105, 145, 64, 126, 15, 3, 3, 74.97, NULL, NULL, 1, 0, '2022-03-09 17:34:31', '2022-03-09 17:34:31', NULL),
(106, 145, 64, 125, 17, 12, 3, 68.97, NULL, NULL, 1, 0, '2022-03-09 17:34:31', '2022-03-09 17:34:31', NULL),
(107, 145, 64, 121, 12, 10, 3, 66, NULL, NULL, 1, 0, '2022-03-09 17:34:31', '2022-03-09 17:34:31', NULL),
(108, 145, 64, 120, 12, 2, 3, 66, NULL, NULL, 1, 0, '2022-03-09 17:34:31', '2022-03-09 17:34:31', NULL),
(109, 145, 64, 124, 16, 10, 1, 22.99, NULL, NULL, 1, 0, '2022-03-09 17:34:31', '2022-03-09 17:34:31', NULL),
(110, 145, 65, 156, NULL, NULL, 3, 299.97, NULL, NULL, 1, 0, '2022-03-09 19:11:32', '2022-03-09 19:11:32', NULL),
(111, 145, 66, 120, 13, 13, 3, 66, NULL, NULL, 1, 0, '2022-03-09 20:37:32', '2022-03-09 20:37:32', NULL),
(112, 145, 67, 156, NULL, NULL, 4, 399.96, NULL, NULL, 1, 0, '2022-03-10 13:00:01', '2022-03-10 13:00:01', NULL);

-- --------------------------------------------------------

--
-- Table structure for table `order_details`
--

CREATE TABLE `order_details` (
  `id` int(11) NOT NULL,
  `user_id` int(11) NOT NULL,
  `fname` varchar(255) NOT NULL,
  `lname` varchar(255) NOT NULL,
  `companyname` varchar(255) DEFAULT NULL,
  `country` int(11) NOT NULL,
  `address` varchar(512) NOT NULL,
  `otheraddress` varchar(512) DEFAULT NULL,
  `city` varchar(255) NOT NULL,
  `state` varchar(255) NOT NULL,
  `zip` int(11) NOT NULL,
  `phone` varchar(255) NOT NULL,
  `email` varchar(255) NOT NULL,
  `coupon` varchar(512) DEFAULT NULL,
  `total_amount` double DEFAULT NULL,
  `discount_amount` double DEFAULT NULL,
  `ship_fname` varchar(255) DEFAULT NULL,
  `ship_lname` varchar(255) DEFAULT NULL,
  `ship_company` varchar(255) DEFAULT NULL,
  `ship_country` varchar(255) DEFAULT NULL,
  `ship_address` varchar(255) DEFAULT NULL,
  `ship_otheraddress` varchar(255) DEFAULT NULL,
  `ship_city` varchar(255) DEFAULT NULL,
  `ship_state` varchar(255) DEFAULT NULL,
  `ship_zip` int(11) DEFAULT NULL,
  `ship_phone` varchar(255) DEFAULT NULL,
  `ship_othernotes` text DEFAULT NULL,
  `is_active` tinyint(4) NOT NULL DEFAULT 1,
  `is_deleted` tinyint(4) NOT NULL DEFAULT 0,
  `created_at` timestamp NOT NULL DEFAULT current_timestamp(),
  `updated_at` timestamp NOT NULL DEFAULT current_timestamp() ON UPDATE current_timestamp(),
  `deleted_at` timestamp NULL DEFAULT NULL
) ENGINE=InnoDB DEFAULT CHARSET=utf8mb4;

--
-- Dumping data for table `order_details`
--

INSERT INTO `order_details` (`id`, `user_id`, `fname`, `lname`, `companyname`, `country`, `address`, `otheraddress`, `city`, `state`, `zip`, `phone`, `email`, `coupon`, `total_amount`, `discount_amount`, `ship_fname`, `ship_lname`, `ship_company`, `ship_country`, `ship_address`, `ship_otheraddress`, `ship_city`, `ship_state`, `ship_zip`, `ship_phone`, `ship_othernotes`, `is_active`, `is_deleted`, `created_at`, `updated_at`, `deleted_at`) VALUES
(61, 145, 'Daniel', 'Ross', 'aaaaaaa', 10, 'address', 'aaaaaaaaa', 'city', 'state', 0, '0000000', 'myid@gmail.com', '4', 190.99, 186.21525, NULL, NULL, NULL, NULL, NULL, NULL, NULL, NULL, NULL, NULL, NULL, 1, 0, '2022-03-08 21:07:03', '2022-03-08 21:07:03', NULL),
(62, 145, 'Daniel', 'Ross', 'aaaaaaa', 10, 'address', 'aaaaaaaaa', 'city', 'state', 0, '0000000', 'myid@gmail.com', NULL, 656.91, 656.91, NULL, NULL, NULL, NULL, NULL, NULL, NULL, NULL, NULL, NULL, NULL, 1, 0, '2022-03-08 21:11:56', '2022-03-08 21:11:56', NULL),
(63, 145, 'Daniel', 'Ross', 'aaaaaaa', 10, 'address', 'aaaaaaaaa', 'city', 'state', 0, '0000000', 'myid@gmail.com', NULL, 188.93, 188.93, NULL, NULL, NULL, NULL, NULL, NULL, NULL, NULL, NULL, NULL, NULL, 1, 0, '2022-03-09 16:32:53', '2022-03-09 16:32:53', NULL),
(64, 145, 'Daniel', 'Ross', 'aaaaaaa', 10, 'address', 'aaaaaaaaa', 'city', 'state', 0, '0000000', 'myid@gmail.com', NULL, 6709.17, 6709.17, NULL, NULL, NULL, NULL, NULL, NULL, NULL, NULL, NULL, NULL, NULL, 1, 0, '2022-03-09 17:34:30', '2022-03-09 17:34:31', NULL),
(65, 145, 'Daniel', 'Ross', 'aaaaaaa', 10, 'address', 'aaaaaaaaa', 'city', 'state', 0, '0000000', 'myid@gmail.com', NULL, 299.97, 299.97, NULL, NULL, NULL, NULL, NULL, NULL, NULL, NULL, NULL, NULL, NULL, 1, 0, '2022-03-09 19:11:32', '2022-03-09 19:11:32', NULL),
(66, 145, 'Daniel', 'Ross', 'aaaaaaa', 10, 'address', 'aaaaaaaaa', 'city', 'state', 0, '0000000', 'myid@gmail.com', NULL, 66, 66, NULL, NULL, NULL, NULL, NULL, NULL, NULL, NULL, NULL, NULL, NULL, 1, 0, '2022-03-09 20:37:32', '2022-03-09 20:37:32', NULL),
(67, 145, 'Daniel', 'Ross', 'aaaaaaa', 10, 'address', 'aaaaaaaaa', 'city', 'state', 0, '0000000', 'myid@gmail.com', NULL, 399.96, 399.96, NULL, NULL, NULL, NULL, NULL, NULL, NULL, NULL, NULL, NULL, NULL, 1, 0, '2022-03-10 13:00:01', '2022-03-10 13:00:01', NULL);

-- --------------------------------------------------------

--
-- Table structure for table `ourwork`
--

CREATE TABLE `ourwork` (
  `id` int(11) NOT NULL,
  `image` text NOT NULL,
  `link` text NOT NULL,
  `is_active` tinyint(4) NOT NULL DEFAULT 1,
  `is_deleted` tinyint(4) NOT NULL DEFAULT 0,
  `created_at` timestamp NOT NULL DEFAULT current_timestamp(),
  `updated_at` timestamp NOT NULL DEFAULT current_timestamp() ON UPDATE current_timestamp(),
  `deleted_at` timestamp NULL DEFAULT NULL
) ENGINE=InnoDB DEFAULT CHARSET=utf8mb4;

--
-- Dumping data for table `ourwork`
--

INSERT INTO `ourwork` (`id`, `image`, `link`, `is_active`, `is_deleted`, `created_at`, `updated_at`, `deleted_at`) VALUES
(1, 'images/1640217136.png', 'https://www.youtube.com/watch?v=AhImgLmSD1M', 1, 0, '2021-12-20 17:38:46', '2022-01-03 20:26:44', NULL),
(2, 'images/1640217152.png', 'https://www.youtube.com/watch?v=kI599vzA_YA', 1, 0, '2021-12-20 17:48:52', '2022-01-03 20:26:51', NULL),
(3, 'images/1640217177.png', 'https://www.youtube.com/watch?time_continue=1&v=rJqtXVd-bd0', 1, 0, '2021-12-20 17:49:07', '2022-01-03 20:26:57', NULL),
(4, 'images/1640217191.png', 'https://www.youtube.com/watch?v=AhImgLmSD1M', 1, 0, '2021-12-20 17:49:19', '2022-01-03 20:27:04', NULL),
(5, 'uploads/Austin Williamson_1644537991.jpg', 'https://www.youtube.com/watch?v=AhImgLmSD1M', 0, 1, '2022-02-11 05:06:31', '2022-02-11 05:06:53', NULL),
(6, 'uploads/2021-Showdown-At-The-Well-p1t871qhl6821ejb2lqzx4ui9eo14vug0l2d6l0w74_1644615907.png', 'as', 0, 1, '2022-02-11 16:45:07', '2022-02-11 16:45:58', NULL);

-- --------------------------------------------------------

--
-- Table structure for table `packages`
--

CREATE TABLE `packages` (
  `id` int(10) UNSIGNED NOT NULL,
  `name` varchar(255) COLLATE utf8mb4_unicode_ci DEFAULT NULL,
  `slug` varchar(255) COLLATE utf8mb4_unicode_ci NOT NULL,
  `amount` varchar(255) COLLATE utf8mb4_unicode_ci DEFAULT NULL,
  `period` varchar(255) COLLATE utf8mb4_unicode_ci DEFAULT NULL,
  `desc` text COLLATE utf8mb4_unicode_ci DEFAULT NULL,
  `is_active` tinyint(4) NOT NULL DEFAULT 1,
  `is_deleted` tinyint(4) NOT NULL DEFAULT 0,
  `created_at` timestamp NOT NULL DEFAULT current_timestamp(),
  `updated_at` timestamp NOT NULL DEFAULT current_timestamp() ON UPDATE current_timestamp(),
  `deleted_at` timestamp NULL DEFAULT NULL
) ENGINE=InnoDB DEFAULT CHARSET=utf8mb4 COLLATE=utf8mb4_unicode_ci;

--
-- Dumping data for table `packages`
--

INSERT INTO `packages` (`id`, `name`, `slug`, `amount`, `period`, `desc`, `is_active`, `is_deleted`, `created_at`, `updated_at`, `deleted_at`) VALUES
(1, 'Silver', 'silver', '100', '1', '<ul>\r\n	<li>Beginner to Intermediate level</li>\r\n	<li>Members Only Forum</li>\r\n	<li>Monthly Live Training Sessions</li>\r\n	<li>Help &amp; Support</li>\r\n</ul>\r\n', 1, 0, '2021-12-06 16:16:46', '2021-12-16 11:14:25', NULL),
(2, 'Gold', 'gold', '199', '3', '<ul>\r\n	<li>Seasonal Bonus programs</li>\r\n	<li>Send Time Optimization</li>\r\n	<li>Behavioural Targeting</li>\r\n	<li>Weekly Live Training Sessions</li>\r\n</ul>\r\n', 1, 0, '2021-12-06 16:17:33', '2021-12-16 11:14:44', NULL),
(3, 'Platinum', 'platinum', '299', '6', '<ul>\r\n	<li>Multiple Bonus programs&nbsp;&nbsp;</li>\r\n	<li>Priority Support</li>\r\n	<li>A 30-minute session is designed with a coach to create a custom strategy for you to follow.</li>\r\n	<li>Unlimited Leverage</li>\r\n</ul>\r\n', 1, 0, '2021-12-06 16:18:00', '2021-12-16 11:15:08', NULL);

-- --------------------------------------------------------

--
-- Table structure for table `pages`
--

CREATE TABLE `pages` (
  `id` int(11) NOT NULL,
  `page` varchar(255) NOT NULL,
  `name` varchar(255) NOT NULL,
  `is_active` tinyint(4) NOT NULL DEFAULT 1,
  `is_deleted` tinyint(4) NOT NULL DEFAULT 0,
  `created_at` timestamp NOT NULL DEFAULT current_timestamp(),
  `updated_at` timestamp NOT NULL DEFAULT current_timestamp() ON UPDATE current_timestamp(),
  `deleted_at` timestamp NULL DEFAULT NULL
) ENGINE=InnoDB DEFAULT CHARSET=utf8mb4;

--
-- Dumping data for table `pages`
--

INSERT INTO `pages` (`id`, `page`, `name`, `is_active`, `is_deleted`, `created_at`, `updated_at`, `deleted_at`) VALUES
(1, 'about', 'About', 1, 0, '2021-12-21 17:36:59', '2021-12-21 17:36:59', NULL),
(2, 'home', 'Home', 1, 0, '2021-12-21 20:11:35', '2021-12-21 20:11:35', NULL),
(3, 'instructor', 'Instructor', 1, 0, '2021-12-21 20:11:52', '2021-12-21 20:11:52', NULL),
(4, 'services', 'Services', 1, 0, '2021-12-21 21:02:23', '2021-12-21 21:02:23', NULL),
(5, 'peaktop_program', 'Peaktop Program', 1, 0, '2021-12-21 21:42:39', '2021-12-21 21:42:39', NULL),
(6, 'privatelesson', 'Private Lesson', 1, 0, '2021-12-21 23:24:36', '2021-12-21 23:24:36', NULL),
(7, 'onlinelesson', 'Online Lesson', 1, 0, '2021-12-21 23:51:42', '2021-12-21 23:51:42', NULL),
(8, 'baseball', 'Baseball', 1, 0, '2021-12-22 00:35:37', '2021-12-22 00:35:37', NULL),
(9, 'highschoolteam', 'High School Team', 1, 0, '2021-12-22 00:49:57', '2021-12-22 00:49:57', NULL),
(10, 'youthteam', 'Youth Team', 1, 0, '2021-12-22 01:34:56', '2021-12-22 01:34:56', NULL);

-- --------------------------------------------------------

--
-- Table structure for table `partners`
--

CREATE TABLE `partners` (
  `id` int(11) NOT NULL,
  `name` varchar(255) NOT NULL,
  `image` varchar(512) NOT NULL,
  `is_active` tinyint(4) NOT NULL DEFAULT 1,
  `is_deleted` tinyint(4) NOT NULL DEFAULT 0,
  `created_at` timestamp NOT NULL DEFAULT current_timestamp(),
  `updated_at` timestamp NOT NULL DEFAULT current_timestamp() ON UPDATE current_timestamp(),
  `deleted_at` timestamp NULL DEFAULT NULL
) ENGINE=InnoDB DEFAULT CHARSET=utf8mb4;

--
-- Dumping data for table `partners`
--

INSERT INTO `partners` (`id`, `name`, `image`, `is_active`, `is_deleted`, `created_at`, `updated_at`, `deleted_at`) VALUES
(1, 'Partner 1', 'uploads/p1_1645225394.jpg', 1, 0, '2022-02-18 18:03:14', '2022-03-07 18:46:18', NULL),
(2, 'Partner 2', 'uploads/p2_1645225427.png', 1, 0, '2022-02-18 18:03:47', '2022-02-18 18:03:47', NULL),
(3, 'Partner 3', 'uploads/p3_1645225442.png', 1, 0, '2022-02-18 18:04:02', '2022-02-18 18:04:02', NULL),
(4, 'Partner 4', 'uploads/p4_1645225455.png', 1, 0, '2022-02-18 18:04:15', '2022-03-07 18:46:26', NULL);

-- --------------------------------------------------------

--
-- Table structure for table `password_resets`
--

CREATE TABLE `password_resets` (
  `email` varchar(255) COLLATE utf8mb4_unicode_ci NOT NULL,
  `token` varchar(255) COLLATE utf8mb4_unicode_ci NOT NULL,
  `created_at` timestamp NOT NULL DEFAULT current_timestamp(),
  `is_active` tinyint(4) NOT NULL DEFAULT 1,
  `is_deleted` tinyint(4) NOT NULL DEFAULT 0
) ENGINE=InnoDB DEFAULT CHARSET=utf8mb4 COLLATE=utf8mb4_unicode_ci;

--
-- Dumping data for table `password_resets`
--

INSERT INTO `password_resets` (`email`, `token`, `created_at`, `is_active`, `is_deleted`) VALUES
('danielross0041@gmail.com', '$2y$10$MHQnxgP5.Ch.I5fnFJIzi.BRiOTTKAso7cVOfcqOgmuLQskn8zC0.', '2022-01-18 13:14:30', 1, 0);

-- --------------------------------------------------------

--
-- Table structure for table `payslip`
--

CREATE TABLE `payslip` (
  `id` int(10) UNSIGNED NOT NULL,
  `emp_id` int(11) DEFAULT NULL,
  `created_by` int(11) DEFAULT NULL,
  `salary` double DEFAULT NULL,
  `deduction` double DEFAULT NULL,
  `net_pay` double DEFAULT NULL,
  `medical_allowance` double NOT NULL DEFAULT 0,
  `fuel_allowance` double NOT NULL DEFAULT 0,
  `house_rent` double NOT NULL DEFAULT 0,
  `conveyance` double NOT NULL DEFAULT 0,
  `late_timing` double NOT NULL DEFAULT 0,
  `leaves` double NOT NULL DEFAULT 0,
  `advance_payment` double NOT NULL DEFAULT 0,
  `income_tax` double NOT NULL DEFAULT 0,
  `reason` varchar(255) COLLATE utf8mb4_unicode_ci DEFAULT NULL,
  `month` varchar(255) COLLATE utf8mb4_unicode_ci DEFAULT NULL,
  `is_read` int(11) NOT NULL DEFAULT 0,
  `is_active` tinyint(4) NOT NULL DEFAULT 1,
  `is_deleted` tinyint(4) NOT NULL DEFAULT 0,
  `created_at` timestamp NOT NULL DEFAULT current_timestamp(),
  `updated_at` timestamp NOT NULL DEFAULT current_timestamp() ON UPDATE current_timestamp(),
  `deleted_at` timestamp NULL DEFAULT NULL
) ENGINE=InnoDB DEFAULT CHARSET=utf8mb4 COLLATE=utf8mb4_unicode_ci;

--
-- Dumping data for table `payslip`
--

INSERT INTO `payslip` (`id`, `emp_id`, `created_by`, `salary`, `deduction`, `net_pay`, `medical_allowance`, `fuel_allowance`, `house_rent`, `conveyance`, `late_timing`, `leaves`, `advance_payment`, `income_tax`, `reason`, `month`, `is_read`, `is_active`, `is_deleted`, `created_at`, `updated_at`, `deleted_at`) VALUES
(1, 1012, 1000, 55, 1, 54, 0, 0, 0, 0, 0, 0, 0, 0, 'test', '2', 0, 1, 0, '2021-07-09 17:18:05', '2021-07-09 17:18:05', NULL),
(2, 1032, 1000, 90, 10, 80, 10, 12, 10, 5, 12, 1, 0, 15, 'Tests', '5', 0, 1, 0, '2021-07-12 09:32:07', '2021-07-12 09:32:07', NULL),
(3, 1010, 1000, 250, 12, 238, 23, 12, 23, 23, 12, 3, 43, 43, 'rtestst', '4', 0, 1, 0, '2021-07-12 10:21:45', '2021-07-12 10:21:45', NULL),
(4, 1018, 1000, 900, 123, 777, 21, 12, 54, 45, 65, 76, 1, 34, 'yrdydrdy', '3', 0, 1, 0, '2021-07-12 10:24:48', '2021-07-12 10:24:48', NULL),
(5, 1018, 1000, 900, 123, 777, 21, 12, 54, 45, 65, 76, 1, 34, 'yrdydrdy', '3', 0, 1, 0, '2021-07-12 10:25:54', '2021-07-12 10:25:54', NULL),
(6, 1010, 1000, 250, 12, 238, 123, 12, 132, 123, 23, 23, 12, 12, 'r3wrw3', '1', 0, 1, 0, '2021-07-19 18:03:31', '2021-07-19 18:03:31', NULL),
(7, 1009, 1000, 320, 300, 20, 5000, 1000, 5000, 200, 10, 1, 30, 10, 'ss', '4', 0, 1, 0, '2021-07-23 22:26:22', '2021-07-23 22:26:22', NULL),
(8, 1018, 1000, 900, 0, 900, 100, 100, 100, 0, 3, 0, 0, 0, 'Test', '5', 0, 1, 0, '2021-07-27 21:58:52', '2021-07-27 21:58:52', NULL);

-- --------------------------------------------------------

--
-- Table structure for table `peaktop`
--

CREATE TABLE `peaktop` (
  `id` int(11) NOT NULL,
  `desc` text NOT NULL,
  `image` varchar(255) NOT NULL,
  `is_active` tinyint(4) NOT NULL DEFAULT 1,
  `is_deleted` tinyint(4) NOT NULL DEFAULT 0,
  `created_at` timestamp NOT NULL DEFAULT current_timestamp(),
  `updated_at` timestamp NOT NULL DEFAULT current_timestamp() ON UPDATE current_timestamp(),
  `deleted_at` timestamp NULL DEFAULT NULL
) ENGINE=InnoDB DEFAULT CHARSET=utf8mb4;

--
-- Dumping data for table `peaktop`
--

INSERT INTO `peaktop` (`id`, `desc`, `image`, `is_active`, `is_deleted`, `created_at`, `updated_at`, `deleted_at`) VALUES
(1, '<p>peaktop</p>', 'images/1640038516.jpg', 1, 0, '2022-01-05 21:40:25', '2022-01-05 21:41:14', NULL),
(6, '<p>aaaaa</p>\r\n', 'images/1640034946.jpg', 1, 0, '2021-12-20 16:15:46', '2022-01-03 20:31:03', NULL),
(7, '<p>Peaktop</p>\r\n', 'images/1640037758.jpg', 1, 0, '2021-12-20 17:02:38', '2022-01-03 20:31:07', NULL),
(8, '<p>abcd</p>\r\n', 'uploads/BB-Sports-Gear-Slide_1643928229.png', 1, 0, '2021-12-20 17:15:16', '2022-02-03 17:43:49', NULL),
(10, '<p>Any description</p>\r\n', 'uploads/6_1640831622_1641419006.png', 1, 0, '2022-01-05 16:43:26', '2022-02-03 17:44:07', NULL),
(11, '<p>rtyuikjhgf</p>\r\n', 'uploads/BB-Logo_1644537797.png', 0, 1, '2022-02-11 05:03:17', '2022-02-11 05:03:24', NULL);

-- --------------------------------------------------------

--
-- Table structure for table `player`
--

CREATE TABLE `player` (
  `id` int(11) NOT NULL,
  `user_id` int(11) NOT NULL,
  `firstname` varchar(255) NOT NULL,
  `lastname` varchar(255) NOT NULL,
  `name` varchar(255) NOT NULL,
  `is_approved` tinyint(4) NOT NULL DEFAULT 0,
  `is_recruited` tinyint(4) NOT NULL DEFAULT 0,
  `team_id` int(11) DEFAULT NULL,
  `sports` int(11) NOT NULL,
  `gradyear` int(11) NOT NULL,
  `primary_position` int(11) NOT NULL,
  `secondary_position` int(11) NOT NULL,
  `tertiary_position` int(11) NOT NULL,
  `height` int(11) NOT NULL,
  `weight` int(11) NOT NULL,
  `bats` varchar(50) NOT NULL,
  `throws` varchar(50) NOT NULL,
  `highschool` varchar(255) NOT NULL,
  `travelteam` varchar(255) NOT NULL,
  `country` int(11) NOT NULL,
  `city` varchar(255) NOT NULL,
  `state` varchar(255) NOT NULL,
  `zip` int(11) NOT NULL,
  `parentfirstname` varchar(255) NOT NULL,
  `parentlastname` varchar(255) NOT NULL,
  `parentemail` varchar(255) NOT NULL,
  `parentphone` varchar(255) NOT NULL,
  `is_active` tinyint(4) NOT NULL DEFAULT 1,
  `is_deleted` tinyint(4) NOT NULL DEFAULT 0,
  `created_at` timestamp NOT NULL DEFAULT current_timestamp(),
  `updated_at` timestamp NOT NULL DEFAULT current_timestamp() ON UPDATE current_timestamp(),
  `deleted_at` timestamp NULL DEFAULT NULL
) ENGINE=InnoDB DEFAULT CHARSET=utf8mb4;

--
-- Dumping data for table `player`
--

INSERT INTO `player` (`id`, `user_id`, `firstname`, `lastname`, `name`, `is_approved`, `is_recruited`, `team_id`, `sports`, `gradyear`, `primary_position`, `secondary_position`, `tertiary_position`, `height`, `weight`, `bats`, `throws`, `highschool`, `travelteam`, `country`, `city`, `state`, `zip`, `parentfirstname`, `parentlastname`, `parentemail`, `parentphone`, `is_active`, `is_deleted`, `created_at`, `updated_at`, `deleted_at`) VALUES
(12, 86, 'Termarr', 'Johnson', 'Termarr Johnson', 1, 1, 8, 1, 2019, 1, 2, 3, 100, 100, 'L', 'R', 'school', 'team', 10, 'city', 'state', 0, 'Termarr', 'Johnson', 'termarrjohnson@gmail.com', '0000000000', 1, 0, '2022-02-02 13:01:35', '2022-02-17 19:50:34', NULL),
(13, 104, 'Daniel', 'Ross', 'Daniel Ross', 1, 1, 8, 1, 2019, 1, 2, 3, 100, 100, 'L', 'L', 'school', 'team', 10, 'city', 'state', 0, 'Daniel', 'Ross', 'noreply@gmail.com', '65648946', 1, 0, '2022-02-11 02:38:05', '2022-02-11 15:51:14', NULL),
(14, 105, 'Shea', 'Bell', 'Shea Bell', 1, 1, 10, 1, 2019, 1, 2, 3, 100, 100, 'R', 'R', 'school', 'team', 10, 'city', 'state', 0, 'Daniel', 'Ross', 'myid@gmail.com', '3546486', 1, 0, '2022-02-11 02:41:59', '2022-02-11 15:51:18', NULL),
(15, 107, 'Anonymous', 'User', 'Anonymous User', 1, 1, 8, 1, 2019, 1, 2, 2, 100, 100, 'L', 'L', 'school', 'team', 10, 'city', 'state', 0, 'Daniel', 'Ross', 'myid@gmail.com', '22229689', 1, 0, '2022-02-11 13:30:48', '2022-02-11 15:53:33', NULL);

-- --------------------------------------------------------

--
-- Table structure for table `player_all_stats`
--

CREATE TABLE `player_all_stats` (
  `id` int(11) NOT NULL,
  `player_id` int(11) NOT NULL,
  `vertical_jump` int(11) NOT NULL,
  `broad_jump` int(11) NOT NULL,
  `yard20_dash` int(11) NOT NULL,
  `grip_strength` int(11) NOT NULL,
  `lb10_overhead_med_ball_toss` int(11) NOT NULL,
  `lb10_rotational_med_ball_toss` int(11) NOT NULL,
  `is_active` tinyint(4) NOT NULL DEFAULT 1,
  `is_deleted` tinyint(4) NOT NULL DEFAULT 0,
  `created_at` timestamp NOT NULL DEFAULT current_timestamp(),
  `updated_at` timestamp NOT NULL DEFAULT current_timestamp() ON UPDATE current_timestamp(),
  `deleted_at` timestamp NULL DEFAULT NULL
) ENGINE=InnoDB DEFAULT CHARSET=utf8mb4;

--
-- Dumping data for table `player_all_stats`
--

INSERT INTO `player_all_stats` (`id`, `player_id`, `vertical_jump`, `broad_jump`, `yard20_dash`, `grip_strength`, `lb10_overhead_med_ball_toss`, `lb10_rotational_med_ball_toss`, `is_active`, `is_deleted`, `created_at`, `updated_at`, `deleted_at`) VALUES
(1, 2, 1, 1, 1, 1, 1, 1, 1, 0, '2022-01-10 22:59:32', '2022-01-20 13:32:37', NULL),
(2, 7, 9, 9, 9, 9, 9, 9, 1, 0, '2022-01-10 22:59:53', '2022-01-11 19:59:07', NULL),
(3, 7, 8, 8, 8, 8, 8, 8, 1, 0, '2022-01-10 18:29:50', '2022-01-11 19:59:13', NULL),
(4, 7, 2, 2, 2, 2, 2, 20, 1, 0, '2022-01-10 18:34:22', '2022-01-11 19:59:18', NULL);

-- --------------------------------------------------------

--
-- Table structure for table `player_pitcher_stats`
--

CREATE TABLE `player_pitcher_stats` (
  `id` int(11) NOT NULL,
  `player_id` int(11) NOT NULL,
  `pitch_type` varchar(500) NOT NULL,
  `pitch_velocity` varchar(500) NOT NULL,
  `pitch_spinrate` varchar(500) NOT NULL,
  `pitch_horizontal_break` varchar(500) NOT NULL,
  `pitch_vertical_break` varchar(500) NOT NULL,
  `is_active` tinyint(4) NOT NULL DEFAULT 1,
  `is_deleted` tinyint(4) NOT NULL DEFAULT 0,
  `created_at` timestamp NOT NULL DEFAULT current_timestamp(),
  `updated_at` timestamp NOT NULL DEFAULT current_timestamp() ON UPDATE current_timestamp(),
  `deleted_at` timestamp NULL DEFAULT NULL
) ENGINE=InnoDB DEFAULT CHARSET=utf8mb4;

--
-- Dumping data for table `player_pitcher_stats`
--

INSERT INTO `player_pitcher_stats` (`id`, `player_id`, `pitch_type`, `pitch_velocity`, `pitch_spinrate`, `pitch_horizontal_break`, `pitch_vertical_break`, `is_active`, `is_deleted`, `created_at`, `updated_at`, `deleted_at`) VALUES
(1, 2, 'a:5:{i:0;s:1:\"1\";i:1;s:1:\"2\";i:2;s:1:\"3\";i:3;s:1:\"4\";i:4;s:1:\"5\";}', 'a:5:{i:0;s:1:\"1\";i:1;s:1:\"2\";i:2;s:1:\"3\";i:3;s:1:\"4\";i:4;s:1:\"5\";}', 'a:5:{i:0;s:1:\"1\";i:1;s:1:\"2\";i:2;s:1:\"3\";i:3;s:1:\"4\";i:4;s:1:\"5\";}', 'a:5:{i:0;s:1:\"1\";i:1;s:1:\"2\";i:2;s:1:\"3\";i:3;s:1:\"4\";i:4;s:1:\"5\";}', 'a:5:{i:0;s:1:\"1\";i:1;s:1:\"2\";i:2;s:1:\"3\";i:3;s:1:\"4\";i:4;s:1:\"5\";}', 1, 0, '2022-01-10 20:02:06', '2022-01-10 20:02:06', NULL),
(8, 7, 'a:0:{}', 'a:0:{}', 'a:0:{}', 'a:0:{}', 'a:0:{}', 1, 0, '2022-01-11 17:42:02', '2022-01-12 17:30:45', NULL),
(11, 2, 'a:5:{i:8;s:1:\"1\";i:9;s:1:\"9\";i:10;s:3:\"987\";i:11;s:5:\"popio\";i:12;s:3:\"gkj\";}', 'a:5:{i:8;s:1:\"1\";i:9;s:1:\"9\";i:10;s:2:\"98\";i:11;s:7:\"pooipoj\";i:12;s:4:\"hkjl\";}', 'a:5:{i:8;s:1:\"1\";i:9;s:1:\"9\";i:10;s:3:\"795\";i:11;s:7:\"jhlkjlj\";i:12;s:7:\"likhjkh\";}', 'a:5:{i:8;s:1:\"1\";i:9;s:1:\"9\";i:10;s:1:\"6\";i:11;s:8:\"hkjhlkjl\";i:12;s:5:\"jkhjk\";}', 'a:5:{i:8;s:1:\"1\";i:9;s:1:\"9\";i:10;s:4:\"5658\";i:11;s:9:\"jjklhlkjl\";i:12;s:3:\"hkj\";}', 1, 0, '2022-01-11 18:23:05', '2022-01-11 20:18:35', NULL),
(13, 7, 'a:5:{i:0;s:1:\"1\";i:1;s:1:\"2\";i:2;s:1:\"3\";i:3;s:1:\"4\";i:4;s:1:\"5\";}', 'a:5:{i:0;s:1:\"1\";i:1;s:1:\"2\";i:2;s:1:\"3\";i:3;s:1:\"4\";i:4;s:1:\"5\";}', 'a:5:{i:0;s:1:\"1\";i:1;s:1:\"2\";i:2;s:1:\"3\";i:3;s:1:\"4\";i:4;s:1:\"5\";}', 'a:5:{i:0;s:1:\"1\";i:1;s:1:\"2\";i:2;s:1:\"3\";i:3;s:1:\"4\";i:4;s:1:\"5\";}', 'a:5:{i:0;s:1:\"1\";i:1;s:1:\"2\";i:2;s:1:\"3\";i:3;s:1:\"4\";i:4;s:1:\"5\";}', 1, 0, '2022-01-25 20:08:48', '2022-01-25 20:08:48', NULL);

-- --------------------------------------------------------

--
-- Table structure for table `player_position_stats`
--

CREATE TABLE `player_position_stats` (
  `id` int(11) NOT NULL,
  `player_id` int(11) NOT NULL,
  `avg_exit_velo` double NOT NULL,
  `max_exit_velo` double NOT NULL,
  `max_distance` double NOT NULL,
  `bat_speed` double NOT NULL,
  `hand_speed` double NOT NULL,
  `impact_momentum` double NOT NULL,
  `max_acceleration` double NOT NULL,
  `of_velo` double NOT NULL,
  `pop_time` double NOT NULL,
  `is_active` tinyint(4) NOT NULL DEFAULT 1,
  `is_deleted` tinyint(4) NOT NULL DEFAULT 0,
  `created_at` timestamp NOT NULL DEFAULT current_timestamp(),
  `updated_at` timestamp NOT NULL DEFAULT current_timestamp() ON UPDATE current_timestamp(),
  `deleted_at` timestamp NULL DEFAULT NULL
) ENGINE=InnoDB DEFAULT CHARSET=utf8mb4;

--
-- Dumping data for table `player_position_stats`
--

INSERT INTO `player_position_stats` (`id`, `player_id`, `avg_exit_velo`, `max_exit_velo`, `max_distance`, `bat_speed`, `hand_speed`, `impact_momentum`, `max_acceleration`, `of_velo`, `pop_time`, `is_active`, `is_deleted`, `created_at`, `updated_at`, `deleted_at`) VALUES
(2, 7, 20, 20, 20, 20, 20, 20, 20, 20, 20, 1, 0, '2022-01-10 20:51:09', '2022-01-11 18:19:58', NULL);

-- --------------------------------------------------------

--
-- Table structure for table `position`
--

CREATE TABLE `position` (
  `id` int(11) NOT NULL,
  `name` varchar(255) NOT NULL,
  `is_active` tinyint(4) NOT NULL DEFAULT 1,
  `is_deleted` tinyint(4) NOT NULL DEFAULT 0,
  `created_at` timestamp NOT NULL DEFAULT current_timestamp(),
  `updated_at` timestamp NOT NULL DEFAULT current_timestamp() ON UPDATE current_timestamp(),
  `deleted_at` timestamp NULL DEFAULT NULL
) ENGINE=InnoDB DEFAULT CHARSET=utf8mb4;

--
-- Dumping data for table `position`
--

INSERT INTO `position` (`id`, `name`, `is_active`, `is_deleted`, `created_at`, `updated_at`, `deleted_at`) VALUES
(1, 'P', 1, 0, '2022-01-07 21:26:55', '2022-01-07 21:26:55', NULL),
(2, 'C', 1, 0, '2022-01-07 21:26:55', '2022-01-07 21:26:55', NULL),
(3, '1B', 1, 0, '2022-01-07 21:27:21', '2022-01-07 21:27:21', NULL),
(4, '2B', 1, 0, '2022-01-07 21:27:21', '2022-01-07 21:27:21', NULL),
(5, 'SS', 1, 0, '2022-01-07 21:27:37', '2022-01-07 21:27:37', NULL),
(6, '3B', 1, 0, '2022-01-07 21:27:50', '2022-01-07 21:27:50', NULL),
(7, 'OF', 1, 0, '2022-01-07 21:27:50', '2022-01-07 21:27:50', NULL);

-- --------------------------------------------------------

--
-- Table structure for table `product`
--

CREATE TABLE `product` (
  `id` int(11) NOT NULL,
  `categoryid` int(11) NOT NULL,
  `name` varchar(255) NOT NULL,
  `slug` varchar(255) NOT NULL,
  `desc` text NOT NULL,
  `sku` varchar(255) DEFAULT NULL,
  `stock` int(11) DEFAULT NULL,
  `picture` varchar(255) NOT NULL,
  `tagcategory` varchar(255) DEFAULT NULL,
  `tagprice` double NOT NULL,
  `colour` text DEFAULT NULL,
  `size` text DEFAULT NULL,
  `is_active` tinyint(4) NOT NULL DEFAULT 1,
  `is_deleted` tinyint(4) NOT NULL DEFAULT 0,
  `created_at` timestamp NOT NULL DEFAULT current_timestamp(),
  `updated_at` timestamp NOT NULL DEFAULT current_timestamp() ON UPDATE current_timestamp(),
  `deleted_at` timestamp NULL DEFAULT NULL
) ENGINE=InnoDB DEFAULT CHARSET=utf8mb4;

--
-- Dumping data for table `product`
--

INSERT INTO `product` (`id`, `categoryid`, `name`, `slug`, `desc`, `sku`, `stock`, `picture`, `tagcategory`, `tagprice`, `colour`, `size`, `is_active`, `is_deleted`, `created_at`, `updated_at`, `deleted_at`) VALUES
(120, 1, 'Silky Mens Triblend T-Shirt', 'silkymenstriblendt-shirt', '<p>Fabric:<br />\r\n50% polyester/25% combed ringspun cotton/25% rayon jersey<br />\r\n4.3 oz.<br />\r\n32 singles<br />\r\nfabric laundered for reduced shrinkage<br />\r\nFeature:<br />\r\n1&times;1 baby rib-knit set-in collar<br />\r\nSatin label<br />\r\nSideseamed<br />\r\nDeco Eligible</p>\r\n', '6010nl-Savvy-1', NULL, 'uploads/product/RU98FG_1646842674.png', NULL, 22, NULL, NULL, 1, 0, '2022-03-09 09:42:10', '2022-03-09 11:17:54', NULL),
(121, 1, 'Savvy Mens Triblend T-Shirt', 'savvymenstriblendt-shirt', '<p>Fabric:<br />\r\n50% polyester/25% combed ringspun cotton/25% rayon jersey<br />\r\n4.3 oz.<br />\r\n32 singles<br />\r\nfabric laundered for reduced shrinkage<br />\r\nFeature:<br />\r\n1&times;1 baby rib-knit set-in collar<br />\r\nSatin label<br />\r\nSideseamed<br />\r\nDeco Eligible</p>\r\n', '6010nl-Savvy', NULL, 'uploads/product/6010nl-HW-Savvy-Black-White_1646842137.png', NULL, 22, NULL, NULL, 1, 0, '2022-03-09 11:08:57', '2022-03-09 11:29:45', NULL),
(122, 1, 'Oppo Taco Mens Triblend T-Shirt', 'oppotacomenstriblendt-shirt', '<p>Fabric:<br />\r\n50% polyester/25% combed ringspun cotton/25% rayon jersey<br />\r\n4.3 oz.<br />\r\n32 singles<br />\r\nfabric laundered for reduced shrinkage<br />\r\nFeature:<br />\r\n1&times;1 baby rib-knit set-in collar<br />\r\nSatin label<br />\r\nSideseamed<br />\r\nDeco Eligible</p>\r\n', '6010nl-OppoTaco', NULL, 'uploads/product/6010nl-HW-OppoTaco_1646843698.png', NULL, 22, NULL, NULL, 1, 0, '2022-03-09 11:34:58', '2022-03-09 11:34:58', NULL),
(123, 1, 'BB American Flag Womens Perfect TriBlend Rocker Tank', 'bbamericanflagwomensperfecttriblendrockertank', '<p>Turn up the volume in this tank with its perfect mix of softness and attitude.</p>\r\n\r\n<p>-4.5-ounce, 50/25/25 poly/combed ring spun cotton/rayon, 32 singles<br />\r\n-2&times;1 rib knit neck<br />\r\n-Tear-away label<br />\r\n-Curved hem</p>\r\n', 'N/A', NULL, 'uploads/product/DT137L_navyfrost-BB-AmericanFlag_1646844374.png', NULL, 22.99, NULL, NULL, 1, 0, '2022-03-09 11:46:14', '2022-03-09 11:46:14', NULL),
(124, 1, 'BB Womens Perfect TriBlend Rocker Tank', 'bbwomensperfecttriblendrockertank', '<p>Turn up the volume in this tank with its perfect mix of softness and attitude.</p>\r\n\r\n<p>-4.5-ounce, 50/25/25 poly/combed ring spun cotton/rayon, 32 singles<br />\r\n-2&times;1 rib knit neck<br />\r\n-Tear-away label<br />\r\n-Curved hem</p>\r\n', 'N/A', NULL, 'uploads/product/DT137L_black-BB-WhBk_1646844880.png', NULL, 22.99, NULL, NULL, 1, 0, '2022-03-09 11:54:40', '2022-03-09 11:54:40', NULL),
(125, 1, 'BB American Flag Womens TriBlend T-Shirt', 'bbamericanflagwomenstriblendt-shirt', '<ul>\r\n	<li>4.3 oz., 50% polyester/ 25% combed ring-spun cotton/25% rayon</li>\r\n	<li>32 singles</li>\r\n	<li>Side seamed with feminine curve</li>\r\n	<li>1&times;1 tri-blend baby rib set-in collar with front cover stitch</li>\r\n	<li>Satin label</li>\r\n</ul>\r\n', 'N/A', NULL, 'uploads/product/6710nl-VN-BB-AmericanFlag (1)_1646845662.png', NULL, 22.99, NULL, NULL, 1, 0, '2022-03-09 12:07:01', '2022-03-09 12:07:42', NULL),
(126, 1, 'BB American Flag Men\'s Long Sleeve T-Shirt', 'bbamericanflagmen\'slongsleevet-shirt', '<ul>\r\n	<li>4.3 oz., 50% polyester/25% combed ring-spun cotton/25% rayon</li>\r\n	<li>Crew neck</li>\r\n	<li>32 singles</li>\r\n	<li>Side seamed construction</li>\r\n	<li>1&times;1 tri-blend baby rib set-in collar</li>\r\n	<li>Hemmed sleeves</li>\r\n	<li>Satin label</li>\r\n</ul>\r\n', '6071-BB-PH-L-1-1', NULL, 'uploads/product/6071nl-PH-BB-AmericanFlag_1646846342.png', NULL, 24.99, NULL, NULL, 1, 0, '2022-03-09 12:19:02', '2022-03-09 12:19:02', NULL),
(127, 1, 'BB Men\'s Long Sleeve T-Shirt', 'bbmen\'slongsleevet-shirt', '<h2>&nbsp;</h2>\r\n\r\n<ul>\r\n	<li>4.3 oz., 50% polyester/25% combed ring-spun cotton/25% rayon</li>\r\n	<li>Crew neck</li>\r\n	<li>32 singles</li>\r\n	<li>Side seamed construction</li>\r\n	<li>1&times;1 tri-blend baby rib set-in collar</li>\r\n	<li>Hemmed sleeves</li>\r\n	<li>Satin label</li>\r\n</ul>\r\n', 'N/A', NULL, 'uploads/product/6071nl-HW-BB-WhBk_1646846867.png', NULL, 24.99, NULL, NULL, 1, 0, '2022-03-09 12:27:47', '2022-03-09 12:27:47', NULL),
(128, 1, 'BB American Flag Mens TriBlend T-Shirt', 'bbamericanflagmenstriblendt-shirt', '<ul>\r\n	<li>4.3 oz., 50% polyester/25% combed ring-spun cotton/25% rayon</li>\r\n	<li>32 singles</li>\r\n	<li>Side seamed construction</li>\r\n	<li>Crew neck</li>\r\n	<li>1&times;1 tri-blend baby rib set-in collar</li>\r\n	<li>Satin label</li>\r\n</ul>\r\n', 'N/A', NULL, 'uploads/product/6010nl-VN-BB-AmericanFlag_1646848492.png', NULL, 22.99, NULL, NULL, 1, 0, '2022-03-09 12:38:09', '2022-03-09 12:54:52', NULL),
(129, 1, 'BB Mens TriBlend T-Shirt', 'bbmenstriblendt-shirt', '<ul>\r\n	<li>4.3 oz., 50% polyester/25% combed ring-spun cotton/25% rayon</li>\r\n	<li>32 singles</li>\r\n	<li>Side seamed construction</li>\r\n	<li>Crew neck</li>\r\n	<li>1&times;1 tri-blend baby rib set-in collar</li>\r\n	<li>Satin label</li>\r\n</ul>\r\n', 'N/A', NULL, 'uploads/product/6010nl-VB-BB-WhBk (1)_1646848554.png', NULL, 22.99, NULL, NULL, 1, 0, '2022-03-09 12:55:54', '2022-03-09 12:55:54', NULL),
(130, 5, 'BB Fleece Sweatshirt', 'bbfleecesweatshirt', '<ul>\r\n	<li>5.3 oz., 60% cotton/40% polyester fleece</li>\r\n	<li>30 singles</li>\r\n	<li>Jersey lined contrasting and matching jersey lined hood and flat drawcord</li>\r\n	<li>Metal eyelets</li>\r\n	<li>1&times;1 ribbing at cuffs and waistband.</li>\r\n	<li>TearAway label</li>\r\n</ul>\r\n', 'N/A', NULL, 'uploads/product/9301_04_z_prod-BB-WhBk_1646849042.png', NULL, 32.99, NULL, NULL, 1, 0, '2022-03-09 13:04:02', '2022-03-09 13:04:02', NULL),
(131, 5, 'BB American Flag Short Sleeve Hoodie', 'bbamericanflagshortsleevehoodie', '<p>-4.4-ounce, 75/13/12 poly/cotton/rayon jersey with PosiCharge technology<br />\r\n-4.6-ounce, 75/13/12 poly/cotton/rayon jersey with PosiCharge technology (Black Triad Solid)<br />\r\n-Removable tag for comfort and relabeling<br />\r\n-Self-fabric hood<br />\r\n-Dyed-to-match neck taping<br />\r\n-Raglan sleeves<br />\r\n-Front pouch pocket</p>\r\n', 'N/A', NULL, 'uploads/product/ST404_TrueNavyHthr-BB-AmericanFlag_1646849437.png', NULL, 25.99, NULL, NULL, 1, 0, '2022-03-09 13:10:37', '2022-03-09 13:10:37', NULL),
(132, 4, 'BB Black/Black Richardson Hat', 'bbblack/blackrichardsonhat', '<p>Classic trucker cap style built with the Richardson quality and fit you&rsquo;ve come to expect. 40+ colorways and 40+ years of sports product experience are just a few reasons this remains a best-seller and favorite cap for teams, fans, and brands alike.</p>\r\n\r\n<p>SHAPE Mid-Pro<br />\r\nFABRIC Cotton-Poly/Nylon Mesh<br />\r\nVISOR Precurved<br />\r\nSWEATBAND Cotton</p>\r\n', 'N/A', NULL, 'uploads/product/115-BK_BB_ChCh@3x_1646850688.png', NULL, 24.99, NULL, NULL, 1, 0, '2022-03-09 13:15:35', '2022-03-09 13:31:28', NULL),
(133, 4, ' BB Silver/Heather Navy Richardson Hat', 'bbsilver/heathernavyrichardsonhat', '<p>Classic trucker cap style built with the Richardson quality and fit you&rsquo;ve come to expect. 40+ colorways and 40+ years of sports product experience are just a few reasons this remains a best-seller and favorite cap for teams, fans, and brands alike.</p>\r\n\r\n<p>SHAPE Mid-Pro<br />\r\nFABRIC Cotton-Poly/Nylon Mesh<br />\r\nVISOR Precurved<br />\r\nSWEATBAND Cotton</p>\r\n', '115-HNVSV_BB_GrNv', NULL, 'uploads/product/115-HNVSV_BB_GrNv_1646850579.jpg', NULL, 24.99, NULL, NULL, 1, 0, '2022-03-09 13:29:39', '2022-03-09 13:29:39', NULL),
(134, 4, 'BB Gold/Heather Richardson Hat', 'bbgold/heatherrichardsonhat', '<p>Classic trucker cap style built with the Richardson quality and fit you&rsquo;ve come to expect. 40+ colorways and 40+ years of sports product experience are just a few reasons this remains a best-seller and favorite cap for teams, fans, and brands alike.</p>\r\n\r\n<p>SHAPE Mid-Pro<br />\r\nFABRIC Cotton-Poly/Nylon Mesh<br />\r\nVISOR Precurved<br />\r\nSWEATBAND Cotton</p>\r\n', 'N/A', NULL, 'uploads/product/112FP-HGYAMGD_BB_YlGr_1646850939.jpg', NULL, 24.99, NULL, NULL, 1, 0, '2022-03-09 13:35:39', '2022-03-09 13:35:39', NULL),
(135, 4, 'BB White/White Richardson Hat', 'bbwhite/whiterichardsonhat', '<p>Classic trucker cap style built with the Richardson quality and fit you&rsquo;ve come to expect. 40+ colorways and 40+ years of sports product experience are just a few reasons this remains a best-seller and favorite cap for teams, fans, and brands alike.</p>\r\n\r\n<p>SHAPE Mid-Pro<br />\r\nFABRIC Cotton-Poly/Nylon Mesh<br />\r\nVISOR Precurved<br />\r\nSWEATBAND Cotton</p>\r\n', ' 115-WH_BB_GrGr', NULL, 'uploads/product/112-_1646851010.jpg', NULL, 24.99, NULL, NULL, 1, 0, '2022-03-09 13:36:50', '2022-03-09 13:36:50', NULL),
(136, 4, 'Bucket Hat', 'buckethat', '<ul>\r\n	<li>GB400 Quickturn In-Stock Style</li>\r\n	<li>Ultralight Reverse Fabric</li>\r\n	<li>Performance Sweatband &amp; Adjustable Drawcord</li>\r\n	<li>UPF30 Ultraviolet Protection</li>\r\n	<li>Lightweight &amp; Packable, 100% Polyester</li>\r\n</ul>\r\n', 'BUCKHAT', NULL, 'uploads/product/products-BucketHat__11714_1646851093.jpg', NULL, 24.99, NULL, NULL, 1, 0, '2022-03-09 13:38:13', '2022-03-09 13:38:13', NULL),
(137, 4, 'BB Black/Black Richardson Hat', 'bbblack/blackrichardsonhat', '<p>Classic trucker cap style built with the Richardson quality and fit you&rsquo;ve come to expect. 40+ colorways and 40+ years of sports product experience are just a few reasons this remains a best-seller and favorite cap for teams, fans, and brands alike.</p>\r\n\r\n<p>SHAPE Mid-Pro<br />\r\nFABRIC Cotton-Poly/Nylon Mesh<br />\r\nVISOR Precurved<br />\r\nSWEATBAND Cotton</p>\r\n', 'N/A', NULL, 'uploads/product/115-BK_BB_WhBk@3x (1)_1646851280.png', NULL, 24.99, NULL, NULL, 1, 0, '2022-03-09 13:41:20', '2022-03-09 13:41:20', NULL),
(138, 4, 'BB Black/Heather Richardson Hat', 'bbblack/heatherrichardsonhat', '<p>Classic trucker cap style built with the Richardson quality and fit you&rsquo;ve come to expect. 40+ colorways and 40+ years of sports product experience are just a few reasons this remains a best-seller and favorite cap for teams, fans, and brands alike.</p>\r\n\r\n<p>SHAPE Mid-Pro<br />\r\nFABRIC Cotton-Poly/Nylon Mesh<br />\r\nVISOR Precurved<br />\r\nSWEATBAND Cotton</p>\r\n', 'N/A', NULL, 'uploads/product/112-_1646851452.png', NULL, 24.99, NULL, NULL, 1, 0, '2022-03-09 13:44:12', '2022-03-09 13:44:12', NULL),
(139, 4, 'BB Black/Charcoal Richardson Hat', 'bbblack/charcoalrichardsonhat', '<p>Classic trucker cap style built with the Richardson quality and fit you&rsquo;ve come to expect. 40+ colorways and 40+ years of sports product experience are just a few reasons this remains a best-seller and favorite cap for teams, fans, and brands alike.</p>\r\n\r\n<p>SHAPE Mid-Pro<br />\r\nFABRIC Cotton-Poly/Nylon Mesh<br />\r\nVISOR Precurved<br />\r\nSWEATBAND Cotton</p>\r\n', 'N/A', NULL, 'uploads/product/112-CHBK_BB_WhBk@3x_1646851700.png', NULL, 24.99, NULL, NULL, 1, 0, '2022-03-09 13:48:20', '2022-03-09 13:48:20', NULL),
(140, 4, 'BB White/Grey Richardson Hat', 'bbwhite/greyrichardsonhat', '<p>Classic trucker cap style built with the Richardson quality and fit you&rsquo;ve come to expect. 40+ colorways and 40+ years of sports product experience are just a few reasons this remains a best-seller and favorite cap for teams, fans, and brands alike.</p>\r\n\r\n<p>SHAPE Mid-Pro<br />\r\nFABRIC Cotton-Poly/Nylon Mesh<br />\r\nVISOR Precurved<br />\r\nSWEATBAND Cotton</p>\r\n', 'N/A', NULL, 'uploads/product/112-_1646851988.png', NULL, 24.99, NULL, NULL, 1, 0, '2022-03-09 13:53:08', '2022-03-09 13:53:08', NULL),
(141, 4, 'Mesh Back Visor', 'meshbackvisor', '<p>We took the popularity of our best-selling style 112, and made a visor to match it</p>\r\n\r\n<ul>\r\n	<li><strong>SHAPE</strong>&nbsp;Visor 2 1/4&Prime; Front Panel</li>\r\n	<li><strong>FABRIC</strong>&nbsp;Twill/Polyester Mesh</li>\r\n	<li><strong>VISOR</strong>&nbsp;Precurved</li>\r\n	<li><strong>SWEATBAND</strong>&nbsp;Cotton</li>\r\n</ul>\r\n', ' MSHBV', NULL, 'uploads/product/products-712-NVWH_copy__49778_1646852312.jpg', NULL, 24.99, NULL, NULL, 1, 0, '2022-03-09 13:58:32', '2022-03-09 13:58:32', NULL),
(142, 4, 'Flatbill Snapback ', 'flatbillsnapback', '<ul>\r\n	<li>80% Acrylic/20% Wool</li>\r\n	<li>Structured</li>\r\n	<li>High-profile&nbsp;3 3/4&Prime; Crown</li>\r\n	<li>Six-panel, Flat Bill</li>\r\n	<li>Snapback Closure</li>\r\n</ul>\r\n', 'FBSB', NULL, 'uploads/product/products-6089M-hthnv_large252520copy__15446_1646852467.jpg', NULL, 24.99, NULL, NULL, 1, 0, '2022-03-09 14:01:07', '2022-03-09 14:04:16', NULL),
(143, 7, 'Full Baseball/Softball Assessment', 'fullbaseball/softballassessment', '<p>Baseball and Softball are arguably two of the hardest sports to play. Your room for error is so small, your mechanics have to be perfect, and your athletic/physical ability have to be in tip top shape.</p>\r\n\r\n<p>Knowing the mistakes you are making is the easy part&hellip;the hard part is knowing where to start and how to fix it!!</p>\r\n\r\n<p>That&rsquo;s where we come in. Book a comprehensive Baseball/Softball Assessment to test the full realm of your skills.</p>\r\n\r\n<p>Included is:<br />\r\n-Hitting Evaluation<br />\r\n-Pitching/Throwing Evaluation<br />\r\n-Fielding Evaluation<br />\r\n-Mobility Evaluation<br />\r\n-Comprehensive Report with exercises to fix any discrepancies</p>\r\n', 'N/A', NULL, 'uploads/product/Screen-Shot-2021-03-09-at-10_1646853292.png', NULL, 99, NULL, NULL, 1, 0, '2022-03-09 14:14:52', '2022-03-09 14:14:52', NULL),
(144, 7, 'Online Pitching Lesson', 'onlinepitchinglesson', '<p>-Send in your video<br />\r\n-We analyze your swing or throwing motion<br />\r\n-Voiceover analysis explaining what we see<br />\r\n-We send list of drills with videos examples and how to fix<br />\r\n-Message us if you have questions on the drills we sent</p>\r\n', 'VIDAN-1-2', NULL, 'uploads/product/PitchingSinglePack-1_1646853364.png', NULL, 30, NULL, NULL, 1, 0, '2022-03-09 14:16:04', '2022-03-09 14:16:04', NULL),
(145, 6, 'Marucci Pro Duffel Bag', 'marucciproduffelbag', '<p>PRO UTILITY DUFFEL BAG<br />\r\nProfessionally inspired function. This Pro Utility Duffel Bag is designed with super-durable canvas and water-resistant tarpaulin to keep your gear safe and dry while a deep main storage compartment and two retractable bat sleeves allow you to easily travel with all of your gear.</p>\r\n\r\n<p>Each Pro Utility Duffel comes standard with Honor The Game and USA Flag removable patches and can be easily personalized with additional Marucci patches<br />\r\nMilitary-inspired hook-and-loop patch area provides unique personalization options<br />\r\nExternal, retractable sleeves carry up to two bats with up to 2 &frac34;&rdquo; barrels<br />\r\nWater-resistant tarpaulin on top and side panels<br />\r\nHeavy-duty, abrasion resistant canvas shell<br />\r\nInternal zipper pouch for valuables<br />\r\nPadded shoulder strap<br />\r\n26&Prime; W x 13&Prime; D x 12&Prime; H</p>\r\n', 'N/A', NULL, 'uploads/product/Screen-Shot-2021-03-10-at-6_1646853807.png', NULL, 54.99, NULL, NULL, 1, 0, '2022-03-09 14:23:27', '2022-03-09 14:23:27', NULL),
(146, 7, '4 Pack Online Pitching Lessons', '4packonlinepitchinglessons', '<p>-Send in your video<br />\r\n-We analyze your swing or throwing motion<br />\r\n-Voiceover analysis explaining what we see<br />\r\n-We send list of drills with videos examples and how to fix<br />\r\n-Message us if you have questions on the drills we sent</p>\r\n', 'VIDAN-1-1-2', NULL, 'uploads/product/Pitching4Pack_1646853960.png', NULL, 100, NULL, NULL, 1, 0, '2022-03-09 14:26:00', '2022-03-09 14:26:00', NULL),
(147, 7, '8 Pack Online Pitching Lesson', '8packonlinepitchinglesson', '\r\n<p>-Send in your video<br />\r\n-We analyze your swing or throwing motion<br />\r\n-Voiceover analysis explaining what we see<br />\r\n-We send list of drills with videos examples and how to fix<br />\r\n-Message us if you have questions on the drills we sent</p>\r\n', 'VIDAN-1-1-1-1', NULL, 'uploads/product/Pitching8Pack_1646854105.png', NULL, 175, NULL, NULL, 1, 0, '2022-03-09 14:28:25', '2022-03-09 20:21:33', NULL),
(148, 7, '8 Pack Online Hitting Lesson', '8packonlinehittinglesson', '<p>-Send in your video<br />\r\n-We analyze your swing or throwing motion<br />\r\n-Voiceover analysis explaining what we see<br />\r\n-We send list of drills with videos examples and how to fix<br />\r\n-Message us if you have questions on the drills we sent</p>\r\n', 'VIDAN-1-1-1', NULL, 'uploads/product/HittingSinglePack_1646854189.png', NULL, 175, NULL, NULL, 1, 0, '2022-03-09 14:29:49', '2022-03-09 14:29:49', NULL),
(149, 7, '4 Pack Online Hitting Lesson', '4packonlinehittinglesson', '<p>-Send in your video<br />\r\n-We analyze your swing or throwing motion<br />\r\n-Voiceover analysis explaining what we see<br />\r\n-We send list of drills with videos examples and how to fix<br />\r\n-Message us if you have questions on the drills we sent</p>\r\n', 'VIDAN-1-1', NULL, 'uploads/product/Hitting4Pack_1646854245.png', NULL, 100, NULL, NULL, 1, 0, '2022-03-09 14:30:45', '2022-03-09 14:30:45', NULL),
(150, 11, 'Marucci Batting Gloves- Custom BB Sports Design', 'maruccibattinggloves-custombbsportsdesign', '<p>Built for countless innings of play. The Crest batting gloves are stitched with a thick leather palm and dimpled mesh back for flexibility, breathability and longevity.</p>\r\n\r\n<p>Durable, genuine leather palm provides comfort and enhanced grip<br />\r\nDimpled mesh back for breathability, flexibility and durability<br />\r\nSoft, mesh-lined wrist cuff reduces friction and irritation<br />\r\nAdded back-of-hand structure and internal lining to eliminate friction and irritation</p>\r\n', 'N/A', NULL, 'uploads/product/IMG_2534-scaled_1646854341.jpg', NULL, 32.99, NULL, NULL, 1, 0, '2022-03-09 14:32:21', '2022-03-09 14:32:21', NULL),
(151, 12, 'Diamond Kinetics Swing Tracker', 'diamondkineticsswingtracker', '<p>Baseball and softball players of any age or skill level, and their coaches, can have access to the science of motion analysis and unlock an entirely new world of understanding about their swing, its components and how to improve their hitting.</p>\r\n\r\n<p>The SwingTracker sensor captures motion data in real-time and sends it to the free, sport specific SwingTracker iOS app via Bluetooth.<br />\r\nCompatible with Apple devices only.<br />\r\nSensor memory holds up to 128 swings when mobile device not nearby<br />\r\nDedicated iPhone and iPad apps for both Baseball and Softball<br />\r\nAnalyze your swing on 4 core measurements:<br />\r\nMax Barrel Speed<br />\r\nTrigger to Impact Time<br />\r\nAttack Angle<br />\r\nImpact Momentum<br />\r\nCompare swings to national age/skill benchmarks from 8U through Professional<br />\r\n3D View of swing plane and path synced with swing metrics<br />\r\nJoin Groups and compete on Leaderboards<br />\r\nLive, in-app Support chat 12 hours/day, 7 days/week</p>\r\n', 'N/A', NULL, 'uploads/product/Diamond-Kinetics-Sensor_1646854415.jpg', NULL, 89.99, NULL, NULL, 1, 0, '2022-03-09 14:33:35', '2022-03-09 14:33:35', NULL),
(152, 12, 'Diamond Kinetics Pitch Tracker- Baseball', 'diamondkineticspitchtracker-baseball', '<p>PitchTracker Baseball, made up of the Smart Baseball and the PitchTracker Baseball App, revolutionizes Baseball with a comprehensive pitch analysis and charting system available right in the palm of your hand. See in-depth information previously available only with expensive hardware systems.</p>\r\n\r\n<p>Captures motion data in real-time and sends it to the free PitchTracker Baseball iOS app via Bluetooth<br />\r\nCompatible with Apple devices only<br />\r\nDedicated iPhone and iPad apps<br />\r\nSmart Baseball memory holds up to 64 pitches when mobile device not nearby<br />\r\nQuickly learns the pitch types you throw and automatically tags them<br />\r\nAnalyze your pitches on 2 core measurements including<br />\r\nVelocity<br />\r\nSpin Rate<br />\r\nAnd more with a Premium Pitcher subscription!<br />\r\nManual pitch charting feature<br />\r\nLive, in-app Support chat 12 hours/day, 7 days/week<br />\r\nVideo synced with pitch metrics<br />\r\nConnect and share pitch metrics with teammates and coaches<br />\r\nManage players and teams through the Groups and Connections features</p>\r\n\r\n<p>Regulation Spec<br />\r\nFull Grain Leather<br />\r\n5 oz 9in<br />\r\nWhite leather, Green laces</p>\r\n', 'N/A', NULL, 'uploads/product/PitchTracker_1646854481.jpg', NULL, 89.99, NULL, NULL, 1, 0, '2022-03-09 14:34:41', '2022-03-09 14:34:41', NULL),
(153, 12, 'Diamond Kinetics Pitch Tracker- Softball', 'diamondkineticspitchtracker-softball', '<p>PitchTracker Softball, made up of the &lsquo;Smart&rsquo; Softball and the PitchTracker Softball App, revolutionizes Softball with a comprehensive pitch analysis and charting system available right in the palm of your hand. See in-depth information previously available only with expensive hardware systems.</p>\r\n\r\n<p>Captures motion data in real-time and sends it to the free PitchTracker Softball iOS app via Bluetooth<br />\r\nCompatible with Apple devices only<br />\r\nSoftball memory holds up to 64 pitches when mobile device not nearby<br />\r\nQuickly learns the pitch types you throw and automatically tags them<br />\r\nAnalyze your pitches on 2 core measurements including:<br />\r\nVelocity<br />\r\nSpin Rate<br />\r\nand more with a Premium Pitcher subscription!<br />\r\nManual pitch charting feature<br />\r\nLive, in-app Support chat 12 hours/day, 7 days/week<br />\r\nVideo synced with pitch metrics<br />\r\nConnect and share swing metrics with teammates and coaches<br />\r\nManage players and teams through the Groups and Connections features</p>\r\n\r\n<p>Regulation Spec Softball<br />\r\nLeather<br />\r\n7 ounces, 12 inches<br />\r\nYellow Leather, Green Laces</p>\r\n', 'N/A', NULL, 'uploads/product/PitchTracker-Softball_1646854570.jpg', NULL, 89.99, NULL, NULL, 1, 0, '2022-03-09 14:36:10', '2022-03-09 14:36:10', NULL),
(154, 7, 'Online Hitting Lesson', 'onlinehittinglesson', '<p>-Send in your video<br />\r\n-We analyze your swing or throwing motion<br />\r\n-Voiceover analysis explaining what we see<br />\r\n-We send list of drills with videos examples and how to fix<br />\r\n-Message us if you have questions on the drills we sent</p>\r\n', 'N/A', NULL, 'uploads/product/HittinglSinglePack-scaled_1646854671.jpg', NULL, 30, NULL, NULL, 1, 0, '2022-03-09 14:37:51', '2022-03-09 14:37:51', NULL),
(155, 7, '12 Week Velo And Arm Care Program', '12weekveloandarmcareprogram', '<p>Protect your arm while gaining velocity&hellip;</p>\r\n\r\n<p>Our 12 Week Velocity and Arm Care Program is designed from several different Professional Organizations like the Los Angeles Dodgers, Miami Marlins, Colorado Rockies, and more. We take the best of all of those programs and mesh them together to bring the ultimate throwing program to life. Gain serious velocity while working the mechanics needed to succeed at the highest level.</p>\r\n\r\n<p>We are huge believers in a strong long toss program paired with an extensive band program to create explosive movements that can withstand the forces put on the body throughout the kinematic sequence. Our program simplifies the science for you by creating consistent and power movements.</p>\r\n\r\n<ul>\r\n	<li>Increase Flexibility and Mobility</li>\r\n	<li>Increase overall Strength</li>\r\n	<li>Increase Quick Twitch and Explosive Movement</li>\r\n	<li>Decrease Chances of Injury</li>\r\n	<li>Increase Throwing Velocity and Pitching Dominance</li>\r\n</ul>\r\n\r\n<p>This Program is best paired with our 12 Week Power Hitting Program or 12 Week Velo and Arm Care Program</p>\r\n\r\n<p>Comes With:</p>\r\n\r\n<ul>\r\n	<li>Warm Up Series</li>\r\n	<li>Band Program</li>\r\n	<li>Plyo Warm Up</li>\r\n	<li>Post Throwing Recovery Program</li>\r\n	<li>And more</li>\r\n</ul>\r\n', 'N/A', NULL, 'uploads/product/IMG_0790_1646854746.jpg', NULL, 99.99, NULL, NULL, 1, 0, '2022-03-09 14:39:06', '2022-03-09 21:45:56', NULL),
(156, 7, ' 12 Week Power And Velo Workout', '12weekpowerandveloworkout', '<p>Be the most explosive and powerful player on the field with our 12 week Power and Velo Workout.</p>\r\n\r\n<p>Our 12 Week Program is designed off years of research and knowledge.&nbsp; Taking the data of biomechanics and numbers from Professional athletes from programs like the Toronto Blue Jays, Los Angeles Dodgers, New York Yankees, Miami Marlins, Philadelphia Phillies, Washington Nationals, and more. Designed to mirror Professional programs and taking the best part of all of those programs and combining them into one.</p>\r\n\r\n<ul>\r\n	<li>Increase Flexibility and Mobility</li>\r\n	<li>Increase overall Strength</li>\r\n	<li>Increase Quick Twitch and Explosive Movement</li>\r\n	<li>Decrease Chances of Injury</li>\r\n	<li>Increase Exit Velocity and Hitting Power</li>\r\n	<li>Increase Throwing Velocity and Pitching Dominance</li>\r\n</ul>\r\n\r\n<p>This Program is best paired with our 12 Week Power Hitting Program or 12 Week Velo and Arm Care Program</p>\r\n\r\n<p>&nbsp;</p>\r\n', 'N/A', NULL, 'uploads/product/IMG_0779_1646854838.jpg', NULL, 99.99, NULL, NULL, 1, 0, '2022-03-09 14:40:38', '2022-03-09 21:46:00', NULL),
(157, 5, 'BB Womens Cropped Hoodie', 'bbwomenscroppedhoodie', '<ul>\r\n	<li>8.3 oz., 80% ring-spun cotton/20% polyester</li>\r\n	<li>Feminine relaxed fit</li>\r\n	<li>Cropped cut with drop shoulder design</li>\r\n	<li>Kangaroo pouch pocket</li>\r\n	<li>Twin needle stitching detail</li>\r\n	<li>Raw edge hem with cover stitching</li>\r\n	<li>Brushed inner fleece</li>\r\n	<li>Double fabric hood</li>\r\n	<li>Flat lace drawcords</li>\r\n	<li>Soft cotton faced fabric creates ideal printing surface</li>\r\n	<li>Simple tearout label, perfect for rebranding</li>\r\n</ul>\r\n', 'N/A', NULL, 'uploads/product/ja06aw-AW-BB_1646854919.png', NULL, 29.99, NULL, NULL, 1, 0, '2022-03-09 14:41:59', '2022-03-09 22:42:52', NULL),
(158, 14, 'Victus FERNANDO TATIS TATIS23 PRO RESERVE -3', 'victusfernandotatistatis23proreserve-3', '<h1>FERNANDO TATIS TATIS23 PRO RESERVE</h1>\r\n\r\n<p>Bring the fire with phenom Fernando Tatis&rsquo; TATIS23 &ndash; our newest pro model.</p>\r\n\r\n<p>The TATIS23 is end-loaded and built for power &ndash; handling like an i13 or AP5, but with boosted bat whip through the zone. Featuring a flared knob, medium handle and large barrel with a gloss galaxy gray barrel/ grit flame handle only available on the TATIS23.</p>\r\n\r\n<ul>\r\n	<li>Knob: Flared</li>\r\n	<li>Handle:&nbsp; Medium</li>\r\n	<li>Barrel:&nbsp; Large, 2.5&rdquo;</li>\r\n	<li>Feel:&nbsp; End-Loaded</li>\r\n	<li>45 Day Warranty Included</li>\r\n</ul>\r\n', 'VFT23PR3', NULL, 'uploads/product/Screen-Shot-2020-09-10-at-11_1646855430.png', NULL, 179.99, NULL, NULL, 0, 1, '2022-03-09 14:50:30', '2022-03-09 22:43:00', NULL);

-- --------------------------------------------------------

--
-- Table structure for table `product_colour`
--

CREATE TABLE `product_colour` (
  `id` int(11) NOT NULL,
  `product_id` int(11) NOT NULL,
  `colour` int(11) NOT NULL,
  `image` varchar(512) DEFAULT NULL,
  `is_active` tinyint(4) NOT NULL DEFAULT 1,
  `is_deleted` tinyint(4) NOT NULL DEFAULT 0,
  `created_at` timestamp NOT NULL DEFAULT current_timestamp(),
  `updated_at` timestamp NOT NULL DEFAULT current_timestamp() ON UPDATE current_timestamp(),
  `deleted_at` timestamp NULL DEFAULT NULL
) ENGINE=InnoDB DEFAULT CHARSET=utf8mb4;

--
-- Dumping data for table `product_colour`
--

INSERT INTO `product_colour` (`id`, `product_id`, `colour`, `image`, `is_active`, `is_deleted`, `created_at`, `updated_at`, `deleted_at`) VALUES
(12, 120, 10, 'uploads/product/6010nl-VB-Silky-White-Black (1)_1646838086.png', 1, 0, '2022-03-09 09:51:36', '2022-03-09 10:01:26', NULL),
(13, 120, 11, 'uploads/product/6010nl-VB-Silky-Charcoal-Black_1646837745.png', 0, 1, '2022-03-09 09:55:45', '2022-03-09 16:31:13', NULL),
(14, 120, 11, 'uploads/product/6010nl-VB-Silky-Charcoal-Black_1646837853.png', 0, 1, '2022-03-09 09:57:33', '2022-03-09 16:30:38', NULL),
(15, 120, 12, 'uploads/product/6010nl-VN-Silky-WhiteFill-NavyFill_1646838023.png', 1, 0, '2022-03-09 10:00:23', '2022-03-09 10:00:23', NULL),
(16, 120, 13, 'uploads/product/6010nl-HW-Silky-BlackBox-WhiteFill_1646841578.png', 1, 0, '2022-03-09 10:59:38', '2022-03-09 10:59:38', NULL),
(17, 121, 10, 'uploads/product/6010nl-VB-Savvy-White_1646842293.png', 1, 0, '2022-03-09 11:11:33', '2022-03-09 11:11:33', NULL),
(18, 121, 12, 'uploads/product/6010nl-VN-Savvy-White_1646842452.png', 1, 0, '2022-03-09 11:14:12', '2022-03-09 11:14:12', NULL),
(19, 121, 13, 'uploads/product/6010nl-HW-Savvy-Black-White (1)_1646842545.png', 1, 0, '2022-03-09 11:15:45', '2022-03-09 11:15:45', NULL),
(20, 120, 11, 'uploads/product/6010nl-VB-Silky-Charcoal-Black_1646843100.png', 1, 0, '2022-03-09 11:25:00', '2022-03-09 11:25:00', NULL),
(21, 122, 10, 'uploads/product/6010nl-VB-OppoTacoblack_1646843907.png', 1, 0, '2022-03-09 11:38:27', '2022-03-09 11:38:27', NULL),
(22, 122, 12, 'uploads/product/6010nl-VN-OppoTacoblue_1646843982.png', 1, 0, '2022-03-09 11:39:42', '2022-03-09 11:39:42', NULL),
(23, 122, 13, 'uploads/product/6010nl-HW-OppoTaco_1646844067.png', 1, 0, '2022-03-09 11:41:07', '2022-03-09 11:41:07', NULL),
(24, 123, 14, 'uploads/product/DT137L_white-BB-AmericanFlag_1646844522.png', 1, 0, '2022-03-09 11:48:42', '2022-03-09 11:48:42', NULL),
(25, 123, 15, 'uploads/product/DT137L_black-BB-AmericanFlag_1646844594.png', 1, 0, '2022-03-09 11:49:54', '2022-03-09 11:49:54', NULL),
(26, 123, 16, 'uploads/product/DT137L_navyfrost-BB-AmericanFlag_1646844742.png', 1, 0, '2022-03-09 11:52:22', '2022-03-09 11:52:22', NULL),
(28, 124, 14, 'uploads/product/DT137L_white-BB-WhBk_1646845216.png', 1, 0, '2022-03-09 12:00:16', '2022-03-09 12:00:16', NULL),
(29, 124, 15, 'uploads/product/DT137L_black-BB-WhBk_1646845269.png', 1, 0, '2022-03-09 12:01:09', '2022-03-09 12:01:09', NULL),
(30, 124, 16, 'uploads/product/DT137L_navyfrost-BB-WhBk_1646845514.png', 1, 0, '2022-03-09 12:05:14', '2022-03-09 12:05:14', NULL),
(31, 125, 13, 'uploads/product/6710nl-HW-BB-BkWh_1646845830.png', 1, 0, '2022-03-09 12:10:30', '2022-03-09 12:17:18', NULL),
(32, 125, 17, 'uploads/product/6710nl-PH-BB-WhBk_1646845921.jpg', 1, 0, '2022-03-09 12:12:01', '2022-03-09 12:12:01', NULL),
(33, 125, 15, 'uploads/product/6710nl-VB-BB-WhBk_1646845991.png', 1, 0, '2022-03-09 12:13:11', '2022-03-09 12:13:11', NULL),
(34, 125, 16, 'uploads/product/6710nl-VN-BB-WhBk_1646846082.png', 1, 0, '2022-03-09 12:14:42', '2022-03-09 12:14:42', NULL),
(35, 126, 13, 'uploads/product/6071nl-HW-BB-AmericanFlag_1646846465.png', 1, 0, '2022-03-09 12:21:05', '2022-03-09 12:21:05', NULL),
(36, 126, 17, 'uploads/product/6071nl-PH-BB-AmericanFlag (1)_1646846540.png', 1, 0, '2022-03-09 12:22:20', '2022-03-09 12:22:20', NULL),
(37, 126, 15, 'uploads/product/6071nl-VB-BB-AmericanFlag_1646846619.png', 1, 0, '2022-03-09 12:23:39', '2022-03-09 12:23:39', NULL),
(38, 126, 16, 'uploads/product/6071nl-VN-BB-AmericanFlag_1646846747.png', 1, 0, '2022-03-09 12:25:47', '2022-03-09 12:25:47', NULL),
(39, 127, 13, 'uploads/product/6071nl-HW-BB-WhBk_1646846959.png', 1, 0, '2022-03-09 12:29:19', '2022-03-09 12:29:19', NULL),
(40, 127, 17, 'uploads/product/6071nl-PH-BB-WhBk (1)_1646847089.png', 1, 0, '2022-03-09 12:30:53', '2022-03-09 12:31:29', NULL),
(41, 127, 15, 'uploads/product/6071nl-VB-BB-WhBk_1646847402.png', 1, 0, '2022-03-09 12:34:07', '2022-03-09 12:36:42', NULL),
(42, 127, 16, 'uploads/product/6071nl-VN-BB-WhBk (1)_1646847347.png', 1, 0, '2022-03-09 12:35:47', '2022-03-09 12:35:47', NULL),
(43, 128, 13, 'uploads/product/6010nl-HW-BB-BkWh (1)_1646847641.png', 1, 0, '2022-03-09 12:40:41', '2022-03-09 12:40:41', NULL),
(44, 128, 17, 'uploads/product/6010nl-PH-BB-WhBk_1646847731.png', 1, 0, '2022-03-09 12:42:11', '2022-03-09 12:42:11', NULL),
(45, 128, 15, 'uploads/product/6010nl-VB-BB-WhBk_1646847796.png', 1, 0, '2022-03-09 12:43:16', '2022-03-09 12:43:16', NULL),
(46, 128, 16, 'uploads/product/6010nl-VN-BB-WhBk_1646847886.png', 1, 0, '2022-03-09 12:44:32', '2022-03-09 12:44:46', NULL),
(47, 129, 13, 'uploads/product/6010nl-HW-BB-BkWh (2)_1646848664.png', 1, 0, '2022-03-09 12:57:44', '2022-03-09 12:57:44', NULL),
(48, 129, 17, 'uploads/product/6010nl-PH-BB-WhBk (2)_1646848777.png', 1, 0, '2022-03-09 12:59:37', '2022-03-09 12:59:37', NULL),
(49, 129, 15, 'uploads/product/6010nl-VB-BB-WhBk (2)_1646848853.png', 1, 0, '2022-03-09 13:00:53', '2022-03-09 13:00:53', NULL),
(50, 129, 16, 'uploads/product/6010nl-VN-BB-WhBk (2)_1646848929.png', 1, 0, '2022-03-09 13:02:09', '2022-03-09 13:02:09', NULL),
(51, 130, 7, 'uploads/product/9301_04_z_prod-BB-WhBk_1646849160.png', 1, 0, '2022-03-09 13:06:00', '2022-03-09 13:06:00', NULL),
(52, 130, 18, 'uploads/product/9301nl-NG-BB-WhBk_1646849231.png', 1, 0, '2022-03-09 13:07:11', '2022-03-09 13:07:11', NULL),
(53, 130, 19, 'uploads/product/9301nl-WG-BB-BkWh_1646849309.png', 1, 0, '2022-03-09 13:08:29', '2022-03-09 13:08:29', NULL),
(55, 131, 7, 'uploads/product/ST404_BlackTriad-BB-AmericanFlag_1646849547.png', 1, 0, '2022-03-09 13:12:27', '2022-03-09 13:12:27', NULL),
(56, 131, 20, 'uploads/product/ST404_TrueNavyHthr-BB-AmericanFlag_1646849601.png', 1, 0, '2022-03-09 13:13:21', '2022-03-09 13:13:21', NULL),
(57, 132, 7, 'uploads/product/ST404_BlackTriad-BB-WhBk-e1621312365644_1646849900.png', 0, 0, '2022-03-09 13:18:20', '2022-03-09 22:19:32', NULL),
(58, 132, 20, 'uploads/product/ST404_TrueNavyHthr-BB-WhBk-e1621312254626_1646849978.png', 0, 0, '2022-03-09 13:19:38', '2022-03-09 22:20:18', NULL),
(59, 133, 21, 'uploads/product/115-BK_BB_WhBk@3x_1646850774.png', 0, 0, '2022-03-09 13:32:54', '2022-03-09 22:22:03', NULL),
(60, 137, 21, 'uploads/product/115-BK_BB_WhBk@3x (2)_1646851347.png', 0, 0, '2022-03-09 13:42:27', '2022-03-09 22:22:41', NULL),
(61, 137, 22, 'uploads/product/115-BK_BB_NvBk@3x_1646851377.png', 0, 0, '2022-03-09 13:42:57', '2022-03-09 22:22:41', NULL),
(62, 137, 23, 'uploads/product/115-BK_BB_ChCh@3x (1)_1646851401.png', 0, 0, '2022-03-09 13:43:21', '2022-03-09 22:22:41', NULL),
(63, 138, 21, 'uploads/product/112-_1646851496.png', 0, 0, '2022-03-09 13:44:56', '2022-03-09 22:22:55', NULL),
(64, 138, 33, 'uploads/product/112-_1646851528.png', 0, 0, '2022-03-09 13:45:28', '2022-03-09 22:22:55', NULL),
(65, 138, 24, 'uploads/product/112-_1646851562.png', 0, 0, '2022-03-09 13:46:02', '2022-03-09 22:22:55', NULL),
(66, 138, 29, 'uploads/product/112-_1646851592.png', 0, 0, '2022-03-09 13:46:32', '2022-03-09 22:22:55', NULL),
(67, 138, 25, 'uploads/product/112-_1646851618.png', 0, 0, '2022-03-09 13:46:58', '2022-03-09 22:22:55', NULL),
(68, 138, 30, 'uploads/product/112-_1646851642.png', 0, 0, '2022-03-09 13:47:22', '2022-03-09 22:22:55', NULL),
(69, 139, 21, 'uploads/product/112-CHBK_BB_WhBk@3x (1)_1646851741.png', 0, 0, '2022-03-09 13:49:01', '2022-03-09 22:23:02', NULL),
(70, 139, 33, 'uploads/product/112-CHBK_BB_GdBk@3x_1646851782.png', 0, 0, '2022-03-09 13:49:42', '2022-03-09 22:23:02', NULL),
(71, 139, 24, 'uploads/product/112-CHBK_BB_GdNv@3x_1646851807.png', 0, 0, '2022-03-09 13:50:07', '2022-03-09 22:23:02', NULL),
(72, 139, 29, 'uploads/product/112-CHBK_BB_BkBk@3x_1646851845.png', 0, 0, '2022-03-09 13:50:45', '2022-03-09 22:23:02', NULL),
(73, 140, 25, 'uploads/product/112-_1646852113.png', 0, 0, '2022-03-09 13:55:13', '2022-03-09 22:23:08', NULL),
(74, 140, 26, 'uploads/product/112-_1646852140.png', 0, 0, '2022-03-09 13:55:40', '2022-03-09 22:23:08', NULL),
(75, 140, 24, 'uploads/product/112-_1646852170.png', 0, 0, '2022-03-09 13:56:10', '2022-03-09 22:23:08', NULL),
(76, 140, 27, 'uploads/product/112-_1646852202.png', 0, 0, '2022-03-09 13:56:42', '2022-03-09 22:23:08', NULL),
(77, 140, 28, 'uploads/product/112-_1646852255.png', 0, 0, '2022-03-09 13:57:35', '2022-03-09 22:23:08', NULL),
(78, 141, 32, 'uploads/product/products-712-NVWH_copy__49778_1646852363.jpg', 0, 0, '2022-03-09 13:59:23', '2022-03-09 22:23:14', NULL),
(79, 141, 31, 'uploads/product/products-336_source_1569868065_1646852388.jpg', 0, 0, '2022-03-09 13:59:48', '2022-03-09 22:23:14', NULL),
(80, 142, 34, 'uploads/product/products-6_source_1569817630_1646852731.jpg', 0, 0, '2022-03-09 14:05:31', '2022-03-09 22:20:57', NULL),
(81, 142, 32, 'uploads/product/products-5_source_1569817629_1646852758.jpg', 0, 0, '2022-03-09 14:05:58', '2022-03-09 22:20:57', NULL),
(82, 142, 35, 'uploads/product/products-4_source_1569817629_1646852799.jpg', 0, 0, '2022-03-09 14:06:39', '2022-03-09 22:20:57', NULL),
(83, 142, 35, 'uploads/product/products-4_source_1569817629_1646852814.jpg', 0, 0, '2022-03-09 14:06:54', '2022-03-09 22:20:57', NULL),
(84, 157, 36, 'uploads/product/ja06aw-AW-BB_1646855155.png', 1, 0, '2022-03-09 14:45:55', '2022-03-09 22:44:03', NULL),
(86, 157, 37, 'uploads/product/ja06aw-BK-bb_1646855293.png', 1, 0, '2022-03-09 14:48:13', '2022-03-09 22:44:02', NULL);

-- --------------------------------------------------------

--
-- Table structure for table `product_size`
--

CREATE TABLE `product_size` (
  `id` int(11) NOT NULL,
  `product_id` int(11) NOT NULL,
  `product_colour_id` int(11) NOT NULL,
  `size` int(11) NOT NULL,
  `stock` int(11) NOT NULL,
  `sku` varchar(512) NOT NULL,
  `is_active` tinyint(4) NOT NULL DEFAULT 1,
  `is_deleted` tinyint(4) NOT NULL DEFAULT 0,
  `created_at` timestamp NOT NULL DEFAULT current_timestamp(),
  `updated_at` timestamp NOT NULL DEFAULT current_timestamp() ON UPDATE current_timestamp(),
  `deleted_at` timestamp NULL DEFAULT NULL
) ENGINE=InnoDB DEFAULT CHARSET=utf8mb4;

--
-- Dumping data for table `product_size`
--

INSERT INTO `product_size` (`id`, `product_id`, `product_colour_id`, `size`, `stock`, `sku`, `is_active`, `is_deleted`, `created_at`, `updated_at`, `deleted_at`) VALUES
(20, 120, 12, 1, 3, '6010nl-VintageBlack-Silky-S', 1, 0, '2022-03-09 09:51:37', '2022-03-09 10:01:26', NULL),
(21, 120, 12, 2, 3, '6010nl-VintageBlack-Silky-L', 1, 0, '2022-03-09 09:51:37', '2022-03-09 09:51:37', NULL),
(22, 120, 12, 3, 3, '6010nl-VintageBlack-Silky-M', 1, 0, '2022-03-09 09:51:37', '2022-03-09 09:51:37', NULL),
(23, 120, 12, 10, 3, '6010nl-VintageBlack-Silky-XL', 1, 0, '2022-03-09 09:51:37', '2022-03-09 09:51:37', NULL),
(24, 120, 12, 11, 3, '6010nl-VintageBlack-Silky-XXL', 1, 0, '2022-03-09 09:51:37', '2022-03-09 09:51:37', NULL),
(25, 120, 12, 12, 3, '6010nl-VintageBlack-Silky-YL', 1, 0, '2022-03-09 09:51:37', '2022-03-09 09:51:37', NULL),
(26, 120, 12, 13, 3, '6010nl-VintageBlack-Silky-YXL', 1, 0, '2022-03-09 09:51:37', '2022-03-09 09:51:37', NULL),
(27, 120, 13, 1, 3, '6010nl-HeatherWhite-Silky-Charcoal-L', 0, 1, '2022-03-09 09:55:45', '2022-03-09 09:56:05', NULL),
(28, 120, 14, 1, 3, '6010nl-HeatherWhite-Silky-Charcoal-S', 0, 1, '2022-03-09 09:57:33', '2022-03-09 11:06:07', NULL),
(29, 120, 14, 3, 3, '6010nl-HeatherWhite-Silky-Charcoal-M', 0, 1, '2022-03-09 09:57:33', '2022-03-09 11:06:17', NULL),
(30, 120, 14, 2, 3, '6010nl-HeatherWhite-Silky-Charcoal-L', 0, 1, '2022-03-09 09:57:33', '2022-03-09 11:06:23', NULL),
(31, 120, 14, 10, 3, '6010nl-HeatherWhite-Silky-Charcoal-XL', 0, 1, '2022-03-09 09:57:33', '2022-03-09 11:06:28', NULL),
(32, 120, 14, 11, 3, '6010nl-HeatherWhite-Silky-Charcoal-XXL', 0, 1, '2022-03-09 09:57:33', '2022-03-09 11:06:33', NULL),
(33, 120, 14, 12, 3, '6010nl-HeatherWhite-Silky-Charcoal-YL', 0, 1, '2022-03-09 09:57:33', '2022-03-09 11:06:39', NULL),
(34, 120, 14, 13, 3, '6010nl-HeatherWhite-Silky-Charcoal-YXL', 0, 1, '2022-03-09 09:57:33', '2022-03-09 11:06:44', NULL),
(35, 120, 15, 1, 3, 'SKU 6010nl-VintageNavy-Silky-S', 1, 0, '2022-03-09 10:00:23', '2022-03-09 10:00:23', NULL),
(36, 120, 15, 3, 3, 'SKU 6010nl-VintageNavy-Silky-M', 1, 0, '2022-03-09 10:00:23', '2022-03-09 10:00:23', NULL),
(37, 120, 15, 2, 3, 'SKU 6010nl-VintageNavy-Silky-L', 1, 0, '2022-03-09 10:00:23', '2022-03-09 10:00:23', NULL),
(38, 120, 15, 10, 3, 'SKU 6010nl-VintageNavy-Silky-XL', 1, 0, '2022-03-09 10:00:23', '2022-03-09 10:00:23', NULL),
(39, 120, 15, 11, 3, 'SKU 6010nl-VintageNavy-Silky-XXL', 1, 0, '2022-03-09 10:00:23', '2022-03-09 10:00:23', NULL),
(40, 120, 15, 12, 3, 'SKU 6010nl-VintageNavy-Silky-YL', 1, 0, '2022-03-09 10:00:23', '2022-03-09 10:00:23', NULL),
(41, 120, 15, 13, 3, 'SKU 6010nl-VintageNavy-Silky-YXL', 1, 0, '2022-03-09 10:00:23', '2022-03-09 10:00:23', NULL),
(42, 120, 16, 1, 3, 'SKU 6010nl-HeatherWhite-Silky-S', 1, 0, '2022-03-09 10:59:38', '2022-03-09 10:59:38', NULL),
(43, 120, 16, 3, 3, 'SKU 6010nl-HeatherWhite-Silky-M', 1, 0, '2022-03-09 10:59:38', '2022-03-09 10:59:38', NULL),
(44, 120, 16, 2, 3, 'SKU 6010nl-HeatherWhite-Silky-L', 1, 0, '2022-03-09 10:59:38', '2022-03-09 10:59:38', NULL),
(45, 120, 16, 10, 3, 'SKU 6010nl-HeatherWhite-Silky-XL', 1, 0, '2022-03-09 10:59:38', '2022-03-09 10:59:38', NULL),
(46, 120, 16, 11, 3, 'SKU 6010nl-HeatherWhite-Silky-XXL', 1, 0, '2022-03-09 10:59:38', '2022-03-09 10:59:38', NULL),
(47, 120, 16, 12, 3, 'SKU 6010nl-HeatherWhite-Silky-YL', 1, 0, '2022-03-09 10:59:38', '2022-03-09 10:59:38', NULL),
(48, 120, 16, 13, 3, 'SKU 6010nl-HeatherWhite-Silky-YXL', 1, 0, '2022-03-09 10:59:38', '2022-03-09 10:59:38', NULL),
(49, 121, 17, 1, 3, 'SKU 6010nl-VintageBlack-Savvy-S', 1, 0, '2022-03-09 11:11:33', '2022-03-09 11:11:33', NULL),
(50, 121, 17, 3, 3, 'SKU 6010nl-VintageBlack-Savvy-M', 1, 0, '2022-03-09 11:11:33', '2022-03-09 11:11:33', NULL),
(51, 121, 17, 2, 3, 'SKU 6010nl-VintageBlack-Savvy-L', 1, 0, '2022-03-09 11:11:33', '2022-03-09 11:11:33', NULL),
(52, 121, 17, 10, 3, 'SKU 6010nl-VintageBlack-Savvy-XL', 1, 0, '2022-03-09 11:11:33', '2022-03-09 11:11:33', NULL),
(53, 121, 17, 11, 3, 'SKU 6010nl-VintageBlack-Savvy-XXL', 1, 0, '2022-03-09 11:11:33', '2022-03-09 11:11:33', NULL),
(54, 121, 17, 12, 3, 'SKU 6010nl-VintageBlack-Savvy-YL', 1, 0, '2022-03-09 11:11:33', '2022-03-09 11:11:33', NULL),
(55, 121, 17, 13, 3, 'SKU 6010nl-VintageBlack-Savvy-YXL', 1, 0, '2022-03-09 11:11:33', '2022-03-09 11:11:33', NULL),
(56, 121, 18, 1, 3, 'SKU 6010nl-VintageNavy-Savvy-S', 1, 0, '2022-03-09 11:14:12', '2022-03-09 11:14:12', NULL),
(57, 121, 18, 3, 3, 'SKU 6010nl-VintageNavy-Savvy-M', 1, 0, '2022-03-09 11:14:12', '2022-03-09 11:14:12', NULL),
(58, 121, 18, 2, 3, 'SKU 6010nl-VintageNavy-Savvy-L', 1, 0, '2022-03-09 11:14:12', '2022-03-09 11:14:12', NULL),
(59, 121, 18, 10, 3, 'SKU 6010nl-VintageNavy-Savvy-XL', 1, 0, '2022-03-09 11:14:12', '2022-03-09 11:14:12', NULL),
(60, 121, 18, 11, 3, 'SKU 6010nl-VintageNavy-Savvy-XXL', 1, 0, '2022-03-09 11:14:12', '2022-03-09 11:14:12', NULL),
(61, 121, 18, 12, 3, 'SKU 6010nl-VintageNavy-Savvy-YL', 1, 0, '2022-03-09 11:14:12', '2022-03-09 11:14:12', NULL),
(62, 121, 18, 13, 3, 'SKU 6010nl-VintageNavy-Savvy-YXL', 1, 0, '2022-03-09 11:14:12', '2022-03-09 11:14:12', NULL),
(63, 121, 19, 1, 3, 'SKU 6010nl-HeatherWhite-Savvy-S', 1, 0, '2022-03-09 11:15:45', '2022-03-09 11:15:45', NULL),
(64, 121, 19, 3, 3, 'SKU 6010nl-HeatherWhite-Savvy-M', 1, 0, '2022-03-09 11:15:45', '2022-03-09 11:15:45', NULL),
(65, 121, 19, 2, 3, 'SKU 6010nl-HeatherWhite-Savvy-L', 1, 0, '2022-03-09 11:15:45', '2022-03-09 11:15:45', NULL),
(66, 121, 19, 10, 3, 'SKU 6010nl-HeatherWhite-Savvy-XL', 1, 0, '2022-03-09 11:15:45', '2022-03-09 11:15:45', NULL),
(67, 121, 19, 11, 3, 'SKU 6010nl-HeatherWhite-Savvy-XXL', 1, 0, '2022-03-09 11:15:45', '2022-03-09 11:15:45', NULL),
(68, 121, 19, 12, 3, 'SKU 6010nl-HeatherWhite-Savvy-YL', 1, 0, '2022-03-09 11:15:45', '2022-03-09 11:15:45', NULL),
(69, 121, 19, 13, 3, 'SKU 6010nl-HeatherWhite-Savvy-YXL', 1, 0, '2022-03-09 11:15:45', '2022-03-09 11:15:45', NULL),
(70, 120, 20, 1, 3, 'SKU 6010nl-HeatherWhite-Silky-Charcoal-S', 1, 0, '2022-03-09 11:25:00', '2022-03-09 11:25:00', NULL),
(71, 120, 20, 3, 3, 'SKU 6010nl-HeatherWhite-Silky-Charcoal-M', 1, 0, '2022-03-09 11:25:00', '2022-03-09 11:25:00', NULL),
(72, 120, 20, 2, 3, 'SKU 6010nl-HeatherWhite-Silky-Charcoal-L', 1, 0, '2022-03-09 11:25:00', '2022-03-09 11:25:00', NULL),
(73, 120, 20, 10, 3, 'SKU 6010nl-HeatherWhite-Silky-Charcoal-XL', 1, 0, '2022-03-09 11:25:01', '2022-03-09 11:25:01', NULL),
(74, 120, 20, 11, 3, 'SKU 6010nl-HeatherWhite-Silky-Charcoal-XXL', 1, 0, '2022-03-09 11:25:01', '2022-03-09 11:25:01', NULL),
(75, 120, 20, 12, 3, 'SKU 6010nl-HeatherWhite-Silky-Charcoal-YL', 1, 0, '2022-03-09 11:25:01', '2022-03-09 11:25:01', NULL),
(76, 120, 20, 13, 3, 'SKU 6010nl-HeatherWhite-Silky-Charcoal-YXL', 1, 0, '2022-03-09 11:25:01', '2022-03-09 11:25:01', NULL),
(77, 122, 21, 1, 3, 'SKU 6010nl-VintageBlack-OppoTaco-S', 1, 0, '2022-03-09 11:38:27', '2022-03-09 11:38:27', NULL),
(78, 122, 21, 3, 3, 'SKU 6010nl-VintageBlack-OppoTaco-M', 1, 0, '2022-03-09 11:38:27', '2022-03-09 11:38:27', NULL),
(79, 122, 21, 2, 3, 'SKU 6010nl-VintageBlack-OppoTaco-L', 1, 0, '2022-03-09 11:38:27', '2022-03-09 11:38:27', NULL),
(80, 122, 21, 10, 3, 'SKU 6010nl-VintageBlack-OppoTaco-XL', 1, 0, '2022-03-09 11:38:27', '2022-03-09 11:38:27', NULL),
(81, 122, 21, 11, 3, 'SKU 6010nl-VintageBlack-OppoTaco-XXL', 1, 0, '2022-03-09 11:38:27', '2022-03-09 11:38:27', NULL),
(82, 122, 21, 12, 3, 'SKU 6010nl-VintageBlack-OppoTaco-YL', 1, 0, '2022-03-09 11:38:27', '2022-03-09 11:38:27', NULL),
(83, 122, 21, 13, 3, 'SKU 6010nl-VintageBlack-OppoTaco-YXL', 1, 0, '2022-03-09 11:38:27', '2022-03-09 11:38:27', NULL),
(84, 122, 22, 1, 4, 'SKU 6010nl-VintageNavy-OppoTaco-M', 1, 0, '2022-03-09 11:39:42', '2022-03-09 11:39:42', NULL),
(85, 122, 22, 3, 4, 'SKU 6010nl-VintageNavy-OppoTaco-M', 1, 0, '2022-03-09 11:39:42', '2022-03-09 11:39:42', NULL),
(86, 122, 22, 2, 4, 'SKU 6010nl-VintageNavy-OppoTaco-M', 1, 0, '2022-03-09 11:39:42', '2022-03-09 11:39:42', NULL),
(87, 122, 22, 10, 4, 'SKU 6010nl-VintageNavy-OppoTaco-M', 1, 0, '2022-03-09 11:39:42', '2022-03-09 11:39:42', NULL),
(88, 122, 22, 11, 4, 'SKU 6010nl-VintageNavy-OppoTaco-M', 1, 0, '2022-03-09 11:39:42', '2022-03-09 11:39:42', NULL),
(89, 122, 22, 12, 4, 'SKU 6010nl-VintageNavy-OppoTaco-M', 1, 0, '2022-03-09 11:39:42', '2022-03-09 11:39:42', NULL),
(90, 122, 22, 13, 4, 'SKU 6010nl-VintageNavy-OppoTaco-M', 1, 0, '2022-03-09 11:39:42', '2022-03-09 11:39:42', NULL),
(91, 122, 23, 1, 3, 'SKU 6010nl-HeatherWhite-OppoTaco-S', 1, 0, '2022-03-09 11:41:07', '2022-03-09 11:41:07', NULL),
(92, 122, 23, 3, 3, 'SKU 6010nl-HeatherWhite-OppoTaco-M', 1, 0, '2022-03-09 11:41:07', '2022-03-09 11:41:07', NULL),
(93, 122, 23, 2, 3, 'SKU 6010nl-HeatherWhite-OppoTaco-L', 1, 0, '2022-03-09 11:41:07', '2022-03-09 11:41:07', NULL),
(94, 122, 23, 10, 3, 'SKU 6010nl-HeatherWhite-OppoTaco-XL', 1, 0, '2022-03-09 11:41:08', '2022-03-09 11:41:08', NULL),
(95, 122, 23, 11, 3, 'SKU 6010nl-HeatherWhite-OppoTaco-XXL', 1, 0, '2022-03-09 11:41:08', '2022-03-09 11:41:08', NULL),
(96, 122, 23, 12, 3, 'SKU 6010nl-HeatherWhite-OppoTaco-YL', 1, 0, '2022-03-09 11:41:08', '2022-03-09 11:41:08', NULL),
(97, 122, 23, 13, 3, 'SKU 6010nl-HeatherWhite-OppoTaco-YXL', 1, 0, '2022-03-09 11:41:08', '2022-03-09 11:41:08', NULL),
(98, 123, 24, 1, 3, 'N/A', 1, 0, '2022-03-09 11:48:42', '2022-03-09 11:48:42', NULL),
(99, 123, 24, 2, 3, 'N/A', 1, 0, '2022-03-09 11:48:42', '2022-03-09 11:48:42', NULL),
(100, 123, 24, 3, 3, 'N/A', 1, 0, '2022-03-09 11:48:42', '2022-03-09 11:48:42', NULL),
(101, 123, 24, 10, 3, 'N/A', 1, 0, '2022-03-09 11:48:42', '2022-03-09 11:48:42', NULL),
(102, 123, 24, 11, 3, 'N/A', 1, 0, '2022-03-09 11:48:42', '2022-03-09 11:48:42', NULL),
(103, 123, 24, 12, 3, 'N/A', 1, 0, '2022-03-09 11:48:42', '2022-03-09 11:48:42', NULL),
(104, 123, 24, 13, 3, 'N/A', 1, 0, '2022-03-09 11:48:42', '2022-03-09 11:48:42', NULL),
(105, 123, 25, 1, 3, 'N/A', 1, 0, '2022-03-09 11:49:54', '2022-03-09 11:49:54', NULL),
(106, 123, 25, 2, 3, 'N/A', 1, 0, '2022-03-09 11:49:54', '2022-03-09 11:49:54', NULL),
(107, 123, 25, 3, 3, 'N/A', 1, 0, '2022-03-09 11:49:54', '2022-03-09 11:49:54', NULL),
(108, 123, 25, 10, 3, 'N/A', 1, 0, '2022-03-09 11:49:54', '2022-03-09 11:49:54', NULL),
(109, 123, 25, 11, 3, 'N/A', 1, 0, '2022-03-09 11:49:54', '2022-03-09 11:49:54', NULL),
(110, 123, 25, 12, 3, 'N/A', 1, 0, '2022-03-09 11:49:54', '2022-03-09 11:49:54', NULL),
(111, 123, 25, 13, 3, 'N/A', 1, 0, '2022-03-09 11:49:54', '2022-03-09 11:49:54', NULL),
(112, 123, 26, 1, 3, 'N/A', 1, 0, '2022-03-09 11:52:22', '2022-03-09 11:52:22', NULL),
(113, 123, 26, 2, 3, 'N/A', 1, 0, '2022-03-09 11:52:22', '2022-03-09 11:52:22', NULL),
(114, 123, 26, 3, 3, 'N/A', 1, 0, '2022-03-09 11:52:22', '2022-03-09 11:52:22', NULL),
(115, 123, 26, 10, 3, 'N/A', 1, 0, '2022-03-09 11:52:22', '2022-03-09 11:52:22', NULL),
(116, 123, 26, 11, 3, 'N/A', 1, 0, '2022-03-09 11:52:22', '2022-03-09 11:52:22', NULL),
(117, 123, 26, 12, 3, 'N/A', 1, 0, '2022-03-09 11:52:22', '2022-03-09 11:52:22', NULL),
(118, 123, 26, 13, 3, 'N/A', 1, 0, '2022-03-09 11:52:22', '2022-03-09 11:52:22', NULL),
(119, 124, 27, 14, 3, 'N/A', 0, 1, '2022-03-09 11:58:14', '2022-03-09 11:58:32', NULL),
(120, 124, 27, 1, 3, 'N/A', 0, 1, '2022-03-09 11:58:14', '2022-03-09 11:58:37', NULL),
(121, 124, 27, 2, 3, 'N/A', 0, 1, '2022-03-09 11:58:14', '2022-03-09 11:58:41', NULL),
(122, 124, 27, 3, 3, 'N/A', 0, 1, '2022-03-09 11:58:14', '2022-03-09 11:58:49', NULL),
(123, 124, 27, 10, 3, 'N/A', 0, 1, '2022-03-09 11:58:14', '2022-03-09 11:58:54', NULL),
(124, 124, 27, 11, 3, 'N/A', 0, 1, '2022-03-09 11:58:14', '2022-03-09 11:58:59', NULL),
(125, 124, 28, 14, 3, 'N/A', 1, 0, '2022-03-09 12:00:16', '2022-03-09 12:00:16', NULL),
(126, 124, 28, 1, 3, 'N/A', 1, 0, '2022-03-09 12:00:17', '2022-03-09 12:00:17', NULL),
(127, 124, 28, 2, 3, 'N/A', 1, 0, '2022-03-09 12:00:17', '2022-03-09 12:00:17', NULL),
(128, 124, 28, 3, 3, 'N/A', 1, 0, '2022-03-09 12:00:17', '2022-03-09 12:00:17', NULL),
(129, 124, 28, 10, 3, 'N/A', 1, 0, '2022-03-09 12:00:17', '2022-03-09 12:00:17', NULL),
(130, 124, 28, 11, 3, 'N/A', 1, 0, '2022-03-09 12:00:17', '2022-03-09 12:00:17', NULL),
(131, 124, 29, 14, 3, 'N/A', 1, 0, '2022-03-09 12:01:09', '2022-03-09 12:01:09', NULL),
(132, 124, 29, 1, 3, 'N/A', 1, 0, '2022-03-09 12:01:09', '2022-03-09 12:01:09', NULL),
(133, 124, 29, 2, 3, 'N/A', 1, 0, '2022-03-09 12:01:09', '2022-03-09 12:01:09', NULL),
(134, 124, 29, 3, 3, 'N/A', 1, 0, '2022-03-09 12:01:09', '2022-03-09 12:01:09', NULL),
(135, 124, 29, 10, 3, 'N/A', 1, 0, '2022-03-09 12:01:09', '2022-03-09 12:01:09', NULL),
(136, 124, 29, 11, 3, 'N/A', 1, 0, '2022-03-09 12:01:09', '2022-03-09 12:01:09', NULL),
(137, 124, 30, 14, 3, 'N/A', 1, 0, '2022-03-09 12:05:14', '2022-03-09 12:05:14', NULL),
(138, 124, 30, 1, 3, 'N/A', 1, 0, '2022-03-09 12:05:14', '2022-03-09 12:05:14', NULL),
(139, 124, 30, 2, 3, 'N/A', 1, 0, '2022-03-09 12:05:14', '2022-03-09 12:05:14', NULL),
(140, 124, 30, 3, 3, 'N/A', 1, 0, '2022-03-09 12:05:14', '2022-03-09 12:05:14', NULL),
(141, 124, 30, 10, 3, 'N/A', 1, 0, '2022-03-09 12:05:14', '2022-03-09 12:05:14', NULL),
(142, 124, 30, 11, 3, 'N/A', 1, 0, '2022-03-09 12:05:14', '2022-03-09 12:05:14', NULL),
(143, 125, 31, 1, 3, '6710nl-HW-BB-S-1-1', 1, 0, '2022-03-09 12:10:30', '2022-03-09 12:16:32', NULL),
(144, 125, 31, 2, 3, ' 6710nl-HW-BB-M-1-1', 1, 0, '2022-03-09 12:10:30', '2022-03-09 12:16:40', NULL),
(145, 125, 31, 3, 3, ' 6710nl-HW-BB-L-1-1', 1, 0, '2022-03-09 12:10:30', '2022-03-09 12:16:48', NULL),
(146, 125, 31, 10, 3, '6710nl-HW-BB-XL-1-1', 1, 0, '2022-03-09 12:10:30', '2022-03-09 12:16:56', NULL),
(147, 125, 31, 12, 3, '6710nl-HW-BB-YL-1-1', 1, 0, '2022-03-09 12:10:30', '2022-03-09 12:17:04', NULL),
(148, 125, 31, 13, 3, 'SKU 6710nl-HW-BB-YXL-1-1', 1, 0, '2022-03-09 12:10:31', '2022-03-09 12:17:19', NULL),
(149, 125, 32, 1, 3, 'N/A', 1, 0, '2022-03-09 12:12:01', '2022-03-09 12:12:01', NULL),
(150, 125, 32, 2, 3, 'N/A', 1, 0, '2022-03-09 12:12:01', '2022-03-09 12:12:01', NULL),
(151, 125, 32, 3, 3, 'N/A', 1, 0, '2022-03-09 12:12:01', '2022-03-09 12:12:01', NULL),
(152, 125, 32, 10, 3, 'N/A', 1, 0, '2022-03-09 12:12:01', '2022-03-09 12:12:01', NULL),
(153, 125, 32, 12, 3, 'N/A', 1, 0, '2022-03-09 12:12:01', '2022-03-09 12:12:01', NULL),
(154, 125, 32, 13, 3, 'N/A', 1, 0, '2022-03-09 12:12:01', '2022-03-09 12:12:01', NULL),
(155, 125, 33, 1, 3, 'N/A', 1, 0, '2022-03-09 12:13:11', '2022-03-09 12:13:11', NULL),
(156, 125, 33, 2, 3, 'N/A', 1, 0, '2022-03-09 12:13:11', '2022-03-09 12:13:11', NULL),
(157, 125, 33, 3, 3, 'N/A', 1, 0, '2022-03-09 12:13:11', '2022-03-09 12:13:11', NULL),
(158, 125, 33, 10, 3, 'N/A', 1, 0, '2022-03-09 12:13:11', '2022-03-09 12:13:11', NULL),
(159, 125, 33, 12, 3, 'N/A', 1, 0, '2022-03-09 12:13:11', '2022-03-09 12:13:11', NULL),
(160, 125, 33, 13, 3, 'N/A', 1, 0, '2022-03-09 12:13:11', '2022-03-09 12:13:11', NULL),
(161, 125, 34, 1, 3, 'SKU 6710nl-VN-BB-L-1-1', 1, 0, '2022-03-09 12:14:42', '2022-03-09 12:14:42', NULL),
(162, 125, 34, 2, 3, 'SKU 6710nl-VN-BB-L-1-1', 1, 0, '2022-03-09 12:14:42', '2022-03-09 12:14:42', NULL),
(163, 125, 34, 3, 3, 'SKU 6710nl-VN-BB-L-1-1', 1, 0, '2022-03-09 12:14:42', '2022-03-09 12:14:42', NULL),
(164, 125, 34, 10, 3, 'SKU 6710nl-VN-BB-L-1-1', 1, 0, '2022-03-09 12:14:42', '2022-03-09 12:14:42', NULL),
(165, 125, 34, 12, 3, 'SKU 6710nl-VN-BB-L-1-1', 1, 0, '2022-03-09 12:14:42', '2022-03-09 12:14:42', NULL),
(166, 125, 34, 13, 3, 'SKU 6710nl-VN-BB-L-1-1', 1, 0, '2022-03-09 12:14:42', '2022-03-09 12:14:42', NULL),
(167, 126, 35, 14, 3, 'SKU 6071-BB-HW-XS-1-1', 1, 0, '2022-03-09 12:21:05', '2022-03-09 12:21:05', NULL),
(168, 126, 35, 1, 3, 'SKU 6071-BB-HW-S-1-1', 1, 0, '2022-03-09 12:21:05', '2022-03-09 12:21:05', NULL),
(169, 126, 35, 2, 3, 'SKU 6071-BB-HW-M-1-1', 1, 0, '2022-03-09 12:21:05', '2022-03-09 12:21:05', NULL),
(170, 126, 35, 3, 3, 'SKU 6071-BB-HW-L-1-1', 1, 0, '2022-03-09 12:21:05', '2022-03-09 12:21:05', NULL),
(171, 126, 35, 10, 3, 'SKU 6071-BB-HW-XL-1-1', 1, 0, '2022-03-09 12:21:05', '2022-03-09 12:21:05', NULL),
(172, 126, 35, 11, 3, 'SKU 6071-BB-HW-XXL-1-1', 1, 0, '2022-03-09 12:21:05', '2022-03-09 12:21:05', NULL),
(173, 126, 36, 14, 3, 'SKU 6071-BB-PH-XS-1-1', 1, 0, '2022-03-09 12:22:21', '2022-03-09 12:22:21', NULL),
(174, 126, 36, 2, 3, 'SKU 6071-BB-PH-S-1-1', 1, 0, '2022-03-09 12:22:21', '2022-03-09 12:22:21', NULL),
(175, 126, 36, 2, 3, 'SKU 6071-BB-PH-M-1-1', 1, 0, '2022-03-09 12:22:21', '2022-03-09 12:22:21', NULL),
(176, 126, 36, 3, 3, 'SKU 6071-BB-PH-L-1-1', 1, 0, '2022-03-09 12:22:21', '2022-03-09 12:22:21', NULL),
(177, 126, 36, 10, 3, 'SKU 6071-BB-PH-XL-1-1', 1, 0, '2022-03-09 12:22:21', '2022-03-09 12:22:21', NULL),
(178, 126, 36, 11, 3, 'SKU 6071-BB-PH-XXL-1-1', 1, 0, '2022-03-09 12:22:21', '2022-03-09 12:22:21', NULL),
(179, 126, 37, 14, 3, 'SKU 6071-BB-VB-XS-1-1', 1, 0, '2022-03-09 12:23:39', '2022-03-09 12:23:39', NULL),
(180, 126, 37, 1, 3, 'SKU 6071-BB-VB-S-1-1', 1, 0, '2022-03-09 12:23:39', '2022-03-09 12:23:39', NULL),
(181, 126, 37, 2, 3, 'SKU 6071-BB-VB-M-1-1', 1, 0, '2022-03-09 12:23:39', '2022-03-09 12:23:39', NULL),
(182, 126, 37, 3, 3, 'SKU 6071-BB-VB-L-1-1', 1, 0, '2022-03-09 12:23:39', '2022-03-09 12:23:39', NULL),
(183, 126, 37, 10, 3, 'SKU 6071-BB-VB-XL-1-1', 1, 0, '2022-03-09 12:23:39', '2022-03-09 12:23:39', NULL),
(184, 126, 37, 11, 3, 'SKU 6071-BB-VB-XXL-1-1', 1, 0, '2022-03-09 12:23:39', '2022-03-09 12:23:39', NULL),
(185, 126, 38, 14, 3, 'SKU 6071-BB-VN-XS-1-1', 1, 0, '2022-03-09 12:25:47', '2022-03-09 12:25:47', NULL),
(186, 126, 38, 1, 3, 'SKU 6071-BB-VN-S-1-1', 1, 0, '2022-03-09 12:25:47', '2022-03-09 12:25:47', NULL),
(187, 126, 38, 2, 3, 'SKU 6071-BB-VN-M-1-1', 1, 0, '2022-03-09 12:25:47', '2022-03-09 12:25:47', NULL),
(188, 126, 38, 3, 3, 'SKU 6071-BB-VN-L-1-1', 1, 0, '2022-03-09 12:25:47', '2022-03-09 12:25:47', NULL),
(189, 126, 38, 10, 3, 'SKU 6071-BB-VN-XL-1-1', 1, 0, '2022-03-09 12:25:47', '2022-03-09 12:25:47', NULL),
(190, 126, 38, 11, 3, 'SKU 6071-BB-VN-XXL-1-1', 1, 0, '2022-03-09 12:25:47', '2022-03-09 12:25:47', NULL),
(191, 127, 39, 14, 3, 'N/A', 1, 0, '2022-03-09 12:29:19', '2022-03-09 12:29:19', NULL),
(192, 127, 39, 1, 3, 'N/A', 1, 0, '2022-03-09 12:29:19', '2022-03-09 12:29:19', NULL),
(193, 127, 39, 2, 3, 'N/A', 1, 0, '2022-03-09 12:29:19', '2022-03-09 12:29:19', NULL),
(194, 127, 39, 3, 3, 'N/A', 1, 0, '2022-03-09 12:29:19', '2022-03-09 12:29:19', NULL),
(195, 127, 39, 10, 3, 'N/A', 1, 0, '2022-03-09 12:29:19', '2022-03-09 12:29:19', NULL),
(196, 127, 39, 11, 3, 'N/A', 1, 0, '2022-03-09 12:29:19', '2022-03-09 12:29:19', NULL),
(197, 127, 40, 14, 3, '6071-BB-PH-XS-1', 1, 0, '2022-03-09 12:30:53', '2022-03-09 12:31:29', NULL),
(198, 127, 40, 1, 3, '6071-BB-PH-S-1', 1, 0, '2022-03-09 12:30:53', '2022-03-09 12:30:53', NULL),
(199, 127, 40, 2, 3, '6071-BB-PH-M-1', 1, 0, '2022-03-09 12:30:53', '2022-03-09 12:30:53', NULL),
(200, 127, 40, 3, 3, '6071-BB-PH-L-1', 1, 0, '2022-03-09 12:30:53', '2022-03-09 12:30:53', NULL),
(201, 127, 40, 10, 3, '6071-BB-PH-XL-1', 1, 0, '2022-03-09 12:30:53', '2022-03-09 12:30:53', NULL),
(202, 127, 40, 11, 3, '6071-BB-PH-XXL-1', 1, 0, '2022-03-09 12:30:53', '2022-03-09 12:30:53', NULL),
(203, 127, 41, 14, 3, 'SKU 6071-BB-VB-XS-1', 1, 0, '2022-03-09 12:34:07', '2022-03-09 12:34:07', NULL),
(204, 127, 41, 1, 3, 'SKU 6071-BB-VB-S-1', 1, 0, '2022-03-09 12:34:08', '2022-03-09 12:34:08', NULL),
(205, 127, 41, 2, 3, 'SKU 6071-BB-VB-M-1', 1, 0, '2022-03-09 12:34:08', '2022-03-09 12:34:08', NULL),
(206, 127, 41, 3, 3, 'SKU 6071-BB-VB-L-1', 1, 0, '2022-03-09 12:34:08', '2022-03-09 12:34:08', NULL),
(207, 127, 41, 10, 3, 'SKU 6071-BB-VB-XL-1', 1, 0, '2022-03-09 12:34:08', '2022-03-09 12:34:08', NULL),
(208, 127, 41, 11, 3, 'SKU 6071-BB-VB-XXL-1', 1, 0, '2022-03-09 12:34:08', '2022-03-09 12:36:42', NULL),
(209, 127, 42, 14, 3, 'SKU 6071-BB-VN-XS-1', 1, 0, '2022-03-09 12:35:47', '2022-03-09 12:35:47', NULL),
(210, 127, 42, 1, 3, 'SKU 6071-BB-VN-S-1', 1, 0, '2022-03-09 12:35:47', '2022-03-09 12:35:47', NULL),
(211, 127, 42, 2, 3, 'SKU 6071-BB-VN-M-1', 1, 0, '2022-03-09 12:35:47', '2022-03-09 12:35:47', NULL),
(212, 127, 42, 3, 3, 'SKU 6071-BB-VN-L-1', 1, 0, '2022-03-09 12:35:47', '2022-03-09 12:35:47', NULL),
(213, 127, 42, 10, 3, 'SKU 6071-BB-VN-XL-1', 1, 0, '2022-03-09 12:35:47', '2022-03-09 12:35:47', NULL),
(214, 127, 42, 11, 3, 'SKU 6071-BB-VN-XXL-1', 1, 0, '2022-03-09 12:35:47', '2022-03-09 12:35:47', NULL),
(215, 128, 43, 14, 4, 'SKU 6010-BB-HW-XS-1-1', 1, 0, '2022-03-09 12:40:41', '2022-03-09 12:40:41', NULL),
(216, 128, 43, 1, 4, 'SKU 6010-BB-HW-S-1-1', 1, 0, '2022-03-09 12:40:41', '2022-03-09 12:40:41', NULL),
(217, 128, 43, 2, 4, 'SKU 6010-BB-HW-M-1-1', 1, 0, '2022-03-09 12:40:41', '2022-03-09 12:40:41', NULL),
(218, 128, 43, 3, 4, 'SKU 6010-BB-HW-L-1-1', 1, 0, '2022-03-09 12:40:41', '2022-03-09 12:40:41', NULL),
(219, 128, 43, 10, 3, 'SKU 6010-BB-HW-XL-1-1', 1, 0, '2022-03-09 12:40:41', '2022-03-09 12:40:41', NULL),
(220, 128, 43, 11, 3, 'SKU 6010-BB-HW-XXL-1-1', 1, 0, '2022-03-09 12:40:41', '2022-03-09 12:40:41', NULL),
(221, 128, 44, 14, 3, 'SKU 6010-BB-PH-XS-1-1', 1, 0, '2022-03-09 12:42:11', '2022-03-09 12:42:11', NULL),
(222, 128, 44, 1, 3, 'SKU 6010-BB-PH-S-1-1', 1, 0, '2022-03-09 12:42:11', '2022-03-09 12:42:11', NULL),
(223, 128, 44, 2, 3, 'SKU 6010-BB-PH-M-1-1', 1, 0, '2022-03-09 12:42:11', '2022-03-09 12:42:11', NULL),
(224, 128, 44, 3, 3, 'SKU 6010-BB-PH-L-1-1', 1, 0, '2022-03-09 12:42:11', '2022-03-09 12:42:11', NULL),
(225, 128, 44, 10, 3, 'SKU 6010-BB-PH-XL-1-1', 1, 0, '2022-03-09 12:42:11', '2022-03-09 12:42:11', NULL),
(226, 128, 44, 11, 3, 'SKU 6010-BB-PH-XXL-1-1', 1, 0, '2022-03-09 12:42:11', '2022-03-09 12:42:11', NULL),
(227, 128, 45, 14, 4, 'SKU 6010-BB-VB-L-1-1', 1, 0, '2022-03-09 12:43:17', '2022-03-09 12:43:17', NULL),
(228, 128, 45, 1, 4, 'SKU 6010-BB-VB-L-1-1', 1, 0, '2022-03-09 12:43:17', '2022-03-09 12:43:17', NULL),
(229, 128, 45, 2, 4, 'SKU 6010-BB-VB-L-1-1', 1, 0, '2022-03-09 12:43:17', '2022-03-09 12:43:17', NULL),
(230, 128, 45, 3, 4, 'SKU 6010-BB-VB-L-1-1', 1, 0, '2022-03-09 12:43:17', '2022-03-09 12:43:17', NULL),
(231, 128, 45, 10, 4, 'SKU 6010-BB-VB-L-1-1', 1, 0, '2022-03-09 12:43:17', '2022-03-09 12:43:17', NULL),
(232, 128, 45, 11, 4, 'SKU 6010-BB-VB-L-1-1', 1, 0, '2022-03-09 12:43:17', '2022-03-09 12:43:17', NULL),
(233, 128, 46, 14, 4, 'SKU 6010-BB-VN-XS-1-1', 1, 0, '2022-03-09 12:44:32', '2022-03-09 12:44:46', NULL),
(234, 128, 46, 1, 4, 'SKU 6010-BB-VN-S-1-1', 1, 0, '2022-03-09 12:44:32', '2022-03-09 12:44:32', NULL),
(235, 128, 46, 2, 4, 'SKU 6010-BB-VN-M-1-1', 1, 0, '2022-03-09 12:44:32', '2022-03-09 12:44:32', NULL),
(236, 128, 46, 3, 4, 'SKU 6010-BB-VN-L-1-1', 1, 0, '2022-03-09 12:44:32', '2022-03-09 12:44:32', NULL),
(237, 128, 46, 10, 4, 'SKU 6010-BB-VN-XL-1-1', 1, 0, '2022-03-09 12:44:33', '2022-03-09 12:44:33', NULL),
(238, 128, 46, 11, 4, 'SKU 6010-BB-VN-XXL-1-1', 1, 0, '2022-03-09 12:44:33', '2022-03-09 12:44:33', NULL),
(239, 129, 47, 14, 4, '6010-BB-HW-XS-1', 1, 0, '2022-03-09 12:57:44', '2022-03-09 12:57:44', NULL),
(240, 129, 47, 1, 4, '6010-BB-HW-S-1', 1, 0, '2022-03-09 12:57:44', '2022-03-09 12:57:44', NULL),
(241, 129, 47, 2, 4, '6010-BB-HW-M-1', 1, 0, '2022-03-09 12:57:44', '2022-03-09 12:57:44', NULL),
(242, 129, 47, 3, 4, '6010-BB-HW-L-1', 1, 0, '2022-03-09 12:57:44', '2022-03-09 12:57:44', NULL),
(243, 129, 47, 10, 4, '6010-BB-HW-XL-1', 1, 0, '2022-03-09 12:57:44', '2022-03-09 12:57:44', NULL),
(244, 129, 47, 11, 4, '6010-BB-HW-XXL-1', 1, 0, '2022-03-09 12:57:44', '2022-03-09 12:57:44', NULL),
(245, 129, 48, 14, 4, '6010-BB-PH-XS-1', 1, 0, '2022-03-09 12:59:37', '2022-03-09 12:59:37', NULL),
(246, 129, 48, 1, 4, '6010-BB-PH-S-1', 1, 0, '2022-03-09 12:59:37', '2022-03-09 12:59:37', NULL),
(247, 129, 48, 2, 4, '6010-BB-PH-M-1', 1, 0, '2022-03-09 12:59:37', '2022-03-09 12:59:37', NULL),
(248, 129, 48, 3, 4, '6010-BB-PH-L-1', 1, 0, '2022-03-09 12:59:38', '2022-03-09 12:59:38', NULL),
(249, 129, 48, 10, 4, '6010-BB-PH-XL-1', 1, 0, '2022-03-09 12:59:38', '2022-03-09 12:59:38', NULL),
(250, 129, 48, 11, 4, '6010-BB-PH-XXL-1', 1, 0, '2022-03-09 12:59:38', '2022-03-09 12:59:38', NULL),
(251, 129, 49, 14, 4, '6010-BB-VB-XS-1', 1, 0, '2022-03-09 13:00:53', '2022-03-09 13:00:53', NULL),
(252, 129, 49, 1, 4, '6010-BB-VB-S-1', 1, 0, '2022-03-09 13:00:53', '2022-03-09 13:00:53', NULL),
(253, 129, 49, 2, 4, '6010-BB-VB-M-1', 1, 0, '2022-03-09 13:00:53', '2022-03-09 13:00:53', NULL),
(254, 129, 49, 3, 4, '6010-BB-VB-L-1', 1, 0, '2022-03-09 13:00:53', '2022-03-09 13:00:53', NULL),
(255, 129, 49, 10, 4, '6010-BB-VB-XL-1', 1, 0, '2022-03-09 13:00:53', '2022-03-09 13:00:53', NULL),
(256, 129, 49, 11, 4, '6010-BB-VB-XXL-1', 1, 0, '2022-03-09 13:00:53', '2022-03-09 13:00:53', NULL),
(257, 129, 50, 14, 3, '6010-BB-VN-XS-1', 1, 0, '2022-03-09 13:02:09', '2022-03-09 13:02:09', NULL),
(258, 129, 50, 1, 3, '6010-BB-VN-S-1', 1, 0, '2022-03-09 13:02:09', '2022-03-09 13:02:09', NULL),
(259, 129, 50, 2, 3, '6010-BB-VN-M-1', 1, 0, '2022-03-09 13:02:09', '2022-03-09 13:02:09', NULL),
(260, 129, 50, 3, 3, '6010-BB-VN-L-1', 1, 0, '2022-03-09 13:02:09', '2022-03-09 13:02:09', NULL),
(261, 129, 50, 3, 3, '6010-BB-VN-XL-1', 1, 0, '2022-03-09 13:02:10', '2022-03-09 13:02:10', NULL),
(262, 129, 50, 11, 3, '6010-BB-VN-XXL-1', 1, 0, '2022-03-09 13:02:10', '2022-03-09 13:02:10', NULL),
(263, 130, 51, 4, 5, '9301_Nl_Bk_Ch_XL-1', 1, 0, '2022-03-09 13:06:00', '2022-03-09 13:06:00', NULL),
(264, 130, 51, 5, 5, '9301_Nl_Bk_Ch_XL-1', 1, 0, '2022-03-09 13:06:00', '2022-03-09 13:06:00', NULL),
(265, 130, 51, 6, 5, '9301_Nl_Bk_Ch_XL-1', 1, 0, '2022-03-09 13:06:00', '2022-03-09 13:06:00', NULL),
(266, 130, 51, 7, 5, '9301_Nl_Bk_Ch_XL-1', 1, 0, '2022-03-09 13:06:00', '2022-03-09 13:06:00', NULL),
(267, 130, 51, 8, 5, '9301_Nl_Bk_Ch_XL-1', 1, 0, '2022-03-09 13:06:00', '2022-03-09 13:06:00', NULL),
(268, 130, 51, 9, 5, '9301_Nl_Bk_Ch_XL-1', 1, 0, '2022-03-09 13:06:00', '2022-03-09 13:06:00', NULL),
(269, 130, 52, 4, 4, '9301_Nl_NVGr_Ch_XS-1', 1, 0, '2022-03-09 13:07:11', '2022-03-09 13:07:11', NULL),
(270, 130, 52, 5, 4, '9301_Nl_NVGr_Ch_S-1', 1, 0, '2022-03-09 13:07:11', '2022-03-09 13:07:11', NULL),
(271, 130, 52, 6, 4, '9301_Nl_NVGr_Ch_M-1', 1, 0, '2022-03-09 13:07:11', '2022-03-09 13:07:11', NULL),
(272, 130, 52, 7, 4, '9301_Nl_NVGr_Ch_L-1', 1, 0, '2022-03-09 13:07:11', '2022-03-09 13:07:11', NULL),
(273, 130, 52, 8, 4, '9301_Nl_NVGr_Ch_XL-1', 1, 0, '2022-03-09 13:07:11', '2022-03-09 13:07:11', NULL),
(274, 130, 52, 9, 4, '9301_Nl_NVGr_Ch_XXL-1', 1, 0, '2022-03-09 13:07:11', '2022-03-09 13:07:11', NULL),
(275, 130, 53, 4, 4, '9301_Nl_WhGr_Grey_L-1', 1, 0, '2022-03-09 13:08:29', '2022-03-09 13:08:29', NULL),
(276, 130, 53, 5, 4, '9301_Nl_WhGr_Grey_L-1', 1, 0, '2022-03-09 13:08:29', '2022-03-09 13:08:29', NULL),
(277, 130, 53, 6, 4, '9301_Nl_WhGr_Grey_L-1', 1, 0, '2022-03-09 13:08:29', '2022-03-09 13:08:29', NULL),
(278, 130, 53, 7, 4, '9301_Nl_WhGr_Grey_L-1', 1, 0, '2022-03-09 13:08:29', '2022-03-09 13:08:29', NULL),
(279, 130, 53, 8, 4, '9301_Nl_WhGr_Grey_L-1', 1, 0, '2022-03-09 13:08:29', '2022-03-09 13:08:29', NULL),
(280, 130, 53, 9, 4, '9301_Nl_WhGr_Grey_L-1', 1, 0, '2022-03-09 13:08:29', '2022-03-09 13:08:29', NULL),
(281, 131, 55, 4, 3, 'N/A', 1, 0, '2022-03-09 13:12:27', '2022-03-09 13:12:27', NULL),
(282, 131, 55, 5, 3, 'N/A', 1, 0, '2022-03-09 13:12:27', '2022-03-09 13:12:27', NULL),
(283, 131, 55, 6, 3, 'N/A', 1, 0, '2022-03-09 13:12:27', '2022-03-09 13:12:27', NULL),
(284, 131, 55, 7, 3, 'N/A', 1, 0, '2022-03-09 13:12:27', '2022-03-09 13:12:27', NULL),
(285, 131, 55, 8, 3, 'N/A', 1, 0, '2022-03-09 13:12:27', '2022-03-09 13:12:27', NULL),
(286, 131, 55, 9, 3, 'N/A', 1, 0, '2022-03-09 13:12:27', '2022-03-09 13:12:27', NULL),
(287, 131, 56, 4, 3, 'N/A', 1, 0, '2022-03-09 13:13:21', '2022-03-09 13:13:21', NULL),
(288, 131, 56, 5, 3, 'N/A', 1, 0, '2022-03-09 13:13:21', '2022-03-09 13:13:21', NULL),
(289, 131, 56, 6, 3, 'N/A', 1, 0, '2022-03-09 13:13:21', '2022-03-09 13:13:21', NULL),
(290, 131, 56, 7, 3, 'N/A', 1, 0, '2022-03-09 13:13:21', '2022-03-09 13:13:21', NULL),
(291, 131, 56, 8, 3, 'N/A', 1, 0, '2022-03-09 13:13:21', '2022-03-09 13:13:21', NULL),
(292, 131, 56, 9, 3, 'N/A', 1, 0, '2022-03-09 13:13:21', '2022-03-09 13:13:21', NULL),
(293, 132, 57, 4, 3, 'N/A', 1, 0, '2022-03-09 13:18:21', '2022-03-09 13:18:21', NULL),
(294, 132, 57, 5, 3, 'N/A', 1, 0, '2022-03-09 13:18:21', '2022-03-09 13:18:21', NULL),
(295, 132, 57, 6, 3, 'N/A', 1, 0, '2022-03-09 13:18:21', '2022-03-09 13:18:21', NULL),
(296, 132, 57, 7, 3, 'N/A', 1, 0, '2022-03-09 13:18:21', '2022-03-09 13:18:21', NULL),
(297, 132, 57, 8, 3, 'N/A', 1, 0, '2022-03-09 13:18:21', '2022-03-09 13:18:21', NULL),
(298, 132, 57, 9, 3, 'N/A', 1, 0, '2022-03-09 13:18:21', '2022-03-09 13:18:21', NULL),
(299, 132, 58, 4, 3, 'N/A', 1, 0, '2022-03-09 13:19:38', '2022-03-09 13:19:38', NULL),
(300, 132, 58, 5, 3, 'N/A', 1, 0, '2022-03-09 13:19:38', '2022-03-09 13:19:38', NULL),
(301, 132, 58, 6, 3, 'N/A', 1, 0, '2022-03-09 13:19:38', '2022-03-09 13:19:38', NULL),
(302, 132, 58, 7, 3, 'N/A', 1, 0, '2022-03-09 13:19:38', '2022-03-09 13:19:38', NULL),
(303, 132, 58, 8, 3, 'N/A', 1, 0, '2022-03-09 13:19:38', '2022-03-09 13:19:38', NULL),
(304, 132, 58, 9, 3, 'N/A', 1, 0, '2022-03-09 13:19:38', '2022-03-09 13:19:38', NULL),
(305, 137, 60, 15, 3, '115-BK_BB_WhBk', 1, 0, '2022-03-09 13:42:27', '2022-03-09 13:42:27', NULL),
(306, 137, 61, 15, 4, '115-BK_BB_NvBk', 1, 0, '2022-03-09 13:42:57', '2022-03-09 13:42:57', NULL),
(307, 137, 62, 15, 3, '115-BK_BB_ChCh', 1, 0, '2022-03-09 13:43:21', '2022-03-09 13:43:21', NULL),
(308, 138, 63, 15, 3, '112-.HTHBK_BB_WhBk', 1, 0, '2022-03-09 13:44:56', '2022-03-09 13:44:56', NULL),
(309, 138, 64, 15, 3, '112-.HTHBK_BB_GdBk', 1, 0, '2022-03-09 13:45:28', '2022-03-09 13:45:28', NULL),
(310, 138, 65, 15, 3, '112-.HTHBK_BB_GdNv', 1, 0, '2022-03-09 13:46:02', '2022-03-09 13:46:02', NULL),
(311, 138, 66, 15, 5, ' 112-.HTHBK_BB_BkBk', 1, 0, '2022-03-09 13:46:32', '2022-03-09 13:46:32', NULL),
(312, 138, 67, 15, 4, '112-.HTHBK_BB_GdGr', 1, 0, '2022-03-09 13:46:58', '2022-03-09 13:46:58', NULL),
(313, 138, 68, 15, 5, '112-.HTHBK_BB_BkGr', 1, 0, '2022-03-09 13:47:22', '2022-03-09 13:47:22', NULL),
(314, 139, 69, 15, 3, '112-CHBK_BB_WhBk', 1, 0, '2022-03-09 13:49:01', '2022-03-09 13:49:01', NULL),
(315, 139, 70, 15, 4, '112-CHBK_BB_GdBk', 1, 0, '2022-03-09 13:49:42', '2022-03-09 13:49:42', NULL),
(316, 139, 71, 15, 4, ' 112-CHBK_BB_GdNv', 1, 0, '2022-03-09 13:50:07', '2022-03-09 13:50:07', NULL),
(317, 139, 72, 15, 4, ' 112-CHBK_BB_BkBk', 1, 0, '2022-03-09 13:50:45', '2022-03-09 13:50:45', NULL),
(318, 140, 73, 15, 4, '112-HtHwH_BB_YlGr', 1, 0, '2022-03-09 13:55:13', '2022-03-09 13:55:13', NULL),
(319, 140, 74, 15, 4, '112-HtHwH_BB_YlWh', 1, 0, '2022-03-09 13:55:40', '2022-03-09 13:55:40', NULL),
(320, 140, 75, 15, 4, '112-HtHwH_BB_YlNv', 1, 0, '2022-03-09 13:56:10', '2022-03-09 13:56:10', NULL),
(321, 140, 76, 15, 4, '112-HtHwH_BB_WhGr', 1, 0, '2022-03-09 13:56:42', '2022-03-09 13:56:42', NULL),
(322, 140, 77, 15, 4, '112-HtHwH_BB_WhWh', 1, 0, '2022-03-09 13:57:35', '2022-03-09 13:57:35', NULL),
(323, 141, 78, 15, 96, '128-Navy Blue', 1, 0, '2022-03-09 13:59:23', '2022-03-09 13:59:23', NULL),
(324, 141, 79, 15, 97, '128-Grey', 1, 0, '2022-03-09 13:59:48', '2022-03-09 13:59:48', NULL),
(325, 142, 80, 15, 100, '127-Heather Grey/Navy', 1, 0, '2022-03-09 14:05:31', '2022-03-09 14:05:31', NULL),
(326, 142, 81, 15, 100, '127-Navy Blue', 1, 0, '2022-03-09 14:05:58', '2022-03-09 14:05:58', NULL),
(327, 142, 83, 15, 100, '127-Off White/Black', 1, 0, '2022-03-09 14:06:54', '2022-03-09 14:06:54', NULL),
(328, 157, 84, 4, 5, 'ja06aw-AW-BB-X-Small', 1, 0, '2022-03-09 14:45:55', '2022-03-09 22:45:23', NULL),
(329, 157, 84, 5, 5, 'ja06aw-AW-BB-X-Small', 1, 0, '2022-03-09 14:45:55', '2022-03-09 22:45:42', NULL),
(330, 157, 84, 6, 5, 'ja06aw-AW-BB-Medium', 1, 0, '2022-03-09 14:45:55', '2022-03-09 22:45:42', NULL),
(331, 157, 84, 7, 5, 'ja06aw-AW-BB-Large', 1, 0, '2022-03-09 14:45:55', '2022-03-09 22:45:42', NULL),
(332, 157, 84, 8, 5, 'ja06aw-AW-BB-X-Large', 1, 0, '2022-03-09 14:45:55', '2022-03-09 22:45:42', NULL),
(333, 157, 86, 4, 4, 'ja06aw-BK-BB-XS', 1, 0, '2022-03-09 14:48:13', '2022-03-09 22:45:42', NULL),
(334, 157, 86, 5, 4, 'ja06aw-BK-BB-S', 1, 0, '2022-03-09 14:48:13', '2022-03-09 22:45:42', NULL),
(335, 157, 86, 6, 4, 'ja06aw-BK-BB-M', 1, 0, '2022-03-09 14:48:13', '2022-03-09 22:45:42', NULL),
(336, 157, 86, 7, 4, 'ja06aw-BK-BB-L', 1, 0, '2022-03-09 14:48:13', '2022-03-09 22:45:42', NULL),
(337, 157, 86, 8, 4, 'ja06aw-BK-BB-XL', 1, 0, '2022-03-09 14:48:13', '2022-03-09 22:45:42', NULL);

-- --------------------------------------------------------

--
-- Table structure for table `role_assign`
--

CREATE TABLE `role_assign` (
  `id` int(10) UNSIGNED NOT NULL,
  `assignee` text COLLATE utf8mb4_unicode_ci DEFAULT NULL,
  `role_id` int(11) DEFAULT NULL,
  `is_active` tinyint(4) NOT NULL DEFAULT 1,
  `is_deleted` tinyint(4) NOT NULL DEFAULT 0,
  `created_at` timestamp NOT NULL DEFAULT current_timestamp(),
  `updated_at` timestamp NOT NULL DEFAULT current_timestamp() ON UPDATE current_timestamp(),
  `deleted_at` timestamp NULL DEFAULT NULL
) ENGINE=InnoDB DEFAULT CHARSET=utf8mb4 COLLATE=utf8mb4_unicode_ci;

--
-- Dumping data for table `role_assign`
--

INSERT INTO `role_assign` (`id`, `assignee`, `role_id`, `is_active`, `is_deleted`, `created_at`, `updated_at`, `deleted_at`) VALUES
(1, 'a:84:{i:0;s:7:\"roles_1\";i:1;s:7:\"roles_2\";i:2;s:7:\"roles_3\";i:3;s:7:\"roles_4\";i:4;s:14:\"testimonials_1\";i:5;s:14:\"testimonials_2\";i:6;s:14:\"testimonials_3\";i:7;s:14:\"testimonials_4\";i:8;s:10:\"partners_1\";i:9;s:10:\"partners_2\";i:10;s:10:\"partners_3\";i:11;s:10:\"partners_4\";i:12;s:9:\"ourwork_1\";i:13;s:9:\"ourwork_2\";i:14;s:9:\"ourwork_3\";i:15;s:9:\"ourwork_4\";i:16;s:9:\"contact_1\";i:17;s:9:\"contact_2\";i:18;s:9:\"contact_3\";i:19;s:9:\"contact_4\";i:20;s:6:\"blog_1\";i:21;s:6:\"blog_2\";i:22;s:6:\"blog_3\";i:23;s:6:\"blog_4\";i:24;s:10:\"category_1\";i:25;s:10:\"category_2\";i:26;s:10:\"category_3\";i:27;s:10:\"category_4\";i:28;s:8:\"colour_1\";i:29;s:8:\"colour_2\";i:30;s:8:\"colour_3\";i:31;s:8:\"colour_4\";i:32;s:6:\"size_1\";i:33;s:6:\"size_2\";i:34;s:6:\"size_3\";i:35;s:6:\"size_4\";i:36;s:9:\"product_1\";i:37;s:9:\"product_2\";i:38;s:9:\"product_3\";i:39;s:9:\"product_4\";i:40;s:14:\"product_list_1\";i:41;s:14:\"product_list_2\";i:42;s:14:\"product_list_3\";i:43;s:14:\"product_list_4\";i:44;s:8:\"coupon_1\";i:45;s:8:\"coupon_2\";i:46;s:8:\"coupon_3\";i:47;s:8:\"coupon_4\";i:48;s:6:\"team_1\";i:49;s:6:\"team_2\";i:50;s:6:\"team_3\";i:51;s:6:\"team_4\";i:52;s:8:\"player_1\";i:53;s:8:\"player_2\";i:54;s:8:\"player_3\";i:55;s:8:\"player_4\";i:56;s:23:\"player_position_stats_1\";i:57;s:23:\"player_position_stats_2\";i:58;s:23:\"player_position_stats_3\";i:59;s:23:\"player_position_stats_4\";i:60;s:18:\"player_all_stats_1\";i:61;s:18:\"player_all_stats_2\";i:62;s:18:\"player_all_stats_3\";i:63;s:18:\"player_all_stats_4\";i:64;s:22:\"player_pitcher_stats_1\";i:65;s:22:\"player_pitcher_stats_2\";i:66;s:22:\"player_pitcher_stats_3\";i:67;s:22:\"player_pitcher_stats_4\";i:68;s:8:\"videos_1\";i:69;s:8:\"videos_2\";i:70;s:8:\"videos_3\";i:71;s:8:\"videos_4\";i:72;s:13:\"instructors_1\";i:73;s:13:\"instructors_2\";i:74;s:13:\"instructors_3\";i:75;s:13:\"instructors_4\";i:76;s:20:\"instructor_profile_1\";i:77;s:20:\"instructor_profile_2\";i:78;s:20:\"instructor_profile_3\";i:79;s:20:\"instructor_profile_4\";i:80;s:8:\"orders_1\";i:81;s:8:\"orders_2\";i:82;s:8:\"orders_3\";i:83;s:8:\"orders_4\";}', 1, 1, 0, '2021-12-03 19:54:55', '2022-03-02 13:00:28', NULL),
(4, 'N;', 2, 1, 0, '2022-02-02 18:06:35', '2022-02-03 17:46:22', NULL),
(5, 'N;', 3, 1, 0, '2022-02-02 18:07:00', '2022-02-03 16:11:24', NULL),
(6, 'N;', 3, 1, 0, '2022-02-03 17:26:11', '2022-02-03 17:27:50', NULL),
(7, 'N;', 3, 1, 0, '2022-02-03 17:28:07', '2022-02-03 17:29:54', NULL),
(8, 'N;', 3, 1, 0, '2022-02-03 17:30:06', '2022-02-03 17:42:31', NULL),
(9, 'N;', 3, 1, 0, '2022-02-03 17:42:53', '2022-02-03 17:59:03', NULL),
(10, 'N;', 2, 1, 0, '2022-02-03 17:46:32', '2022-02-04 13:28:25', NULL),
(11, 'N;', 3, 1, 0, '2022-02-03 17:59:36', '2022-02-03 18:22:54', NULL),
(12, 'N;', 2, 1, 0, '2022-02-04 16:32:53', '2022-02-04 16:35:54', NULL),
(13, 'N;', 2, 1, 0, '2022-02-04 17:57:19', '2022-02-11 03:57:54', NULL),
(14, 'a:28:{i:0;s:6:\"team_1\";i:1;s:6:\"team_2\";i:2;s:6:\"team_3\";i:3;s:6:\"team_4\";i:4;s:8:\"player_1\";i:5;s:8:\"player_2\";i:6;s:8:\"player_3\";i:7;s:8:\"player_4\";i:8;s:23:\"player_position_stats_1\";i:9;s:23:\"player_position_stats_2\";i:10;s:23:\"player_position_stats_3\";i:11;s:23:\"player_position_stats_4\";i:12;s:18:\"player_all_stats_1\";i:13;s:18:\"player_all_stats_2\";i:14;s:18:\"player_all_stats_3\";i:15;s:18:\"player_all_stats_4\";i:16;s:22:\"player_pitcher_stats_1\";i:17;s:22:\"player_pitcher_stats_2\";i:18;s:22:\"player_pitcher_stats_3\";i:19;s:22:\"player_pitcher_stats_4\";i:20;s:8:\"videos_1\";i:21;s:8:\"videos_2\";i:22;s:8:\"videos_3\";i:23;s:8:\"videos_4\";i:24;s:20:\"instructor_profile_1\";i:25;s:20:\"instructor_profile_2\";i:26;s:20:\"instructor_profile_3\";i:27;s:20:\"instructor_profile_4\";}', 2, 1, 0, '2022-02-11 05:02:49', '2022-03-02 13:00:36', NULL),
(15, 'a:4:{i:0;s:13:\"playerVideo_1\";i:1;s:13:\"playerVideo_2\";i:2;s:13:\"playerVideo_3\";i:3;s:13:\"playerVideo_4\";}', 3, 1, 0, '2022-02-16 20:45:35', '2022-02-16 20:45:35', NULL),
(16, 'a:4:{i:0;s:17:\"customerDetails_1\";i:1;s:17:\"customerDetails_2\";i:2;s:17:\"customerDetails_3\";i:3;s:17:\"customerDetails_4\";}', 4, 1, 0, '2022-02-24 18:00:46', '2022-02-24 18:00:46', NULL);

-- --------------------------------------------------------

--
-- Table structure for table `sections`
--

CREATE TABLE `sections` (
  `id` int(11) NOT NULL,
  `name` varchar(512) NOT NULL,
  `is_active` tinyint(4) NOT NULL DEFAULT 1,
  `is_deleted` tinyint(4) NOT NULL DEFAULT 0,
  `created_at` timestamp NOT NULL DEFAULT current_timestamp(),
  `updated_at` timestamp NOT NULL DEFAULT current_timestamp() ON UPDATE current_timestamp(),
  `deleted_at` timestamp NULL DEFAULT NULL
) ENGINE=InnoDB DEFAULT CHARSET=utf8mb4;

--
-- Dumping data for table `sections`
--

INSERT INTO `sections` (`id`, `name`, `is_active`, `is_deleted`, `created_at`, `updated_at`, `deleted_at`) VALUES
(1, 'High School Team', 1, 0, '2022-02-11 00:42:23', '2022-02-11 00:42:23', NULL),
(2, 'Youth Team', 1, 0, '2022-02-11 00:42:23', '2022-02-11 00:42:23', NULL);

-- --------------------------------------------------------

--
-- Table structure for table `size`
--

CREATE TABLE `size` (
  `id` int(11) NOT NULL,
  `category_id` int(11) NOT NULL,
  `name` varchar(256) NOT NULL,
  `slug` varchar(512) NOT NULL,
  `is_active` tinyint(4) NOT NULL DEFAULT 1,
  `is_deleted` tinyint(4) NOT NULL DEFAULT 0,
  `created_at` timestamp NOT NULL DEFAULT current_timestamp(),
  `updated_at` timestamp NOT NULL DEFAULT current_timestamp() ON UPDATE current_timestamp(),
  `deleted_at` timestamp NULL DEFAULT NULL
) ENGINE=InnoDB DEFAULT CHARSET=utf8mb4;

--
-- Dumping data for table `size`
--

INSERT INTO `size` (`id`, `category_id`, `name`, `slug`, `is_active`, `is_deleted`, `created_at`, `updated_at`, `deleted_at`) VALUES
(1, 1, 'Small', '1_small', 1, 0, '2022-02-16 21:16:38', '2022-02-23 00:15:44', NULL),
(2, 1, 'Medium', '1_medium', 1, 0, '2022-02-16 21:16:49', '2022-03-09 11:42:27', NULL),
(3, 1, 'Large', '1_large', 1, 0, '2022-02-17 21:03:54', '2022-03-09 11:42:14', NULL),
(4, 5, 'X-Small', '5_x-small', 1, 0, '2022-02-17 21:04:07', '2022-03-09 08:40:52', NULL),
(5, 5, 'Small', '5_small', 1, 0, '2022-02-17 21:04:17', '2022-03-09 08:41:10', NULL),
(6, 5, 'Medium', '5_medium', 1, 0, '2022-02-17 21:05:05', '2022-02-23 00:16:12', NULL),
(7, 5, 'Large', '5_large', 1, 0, '2022-02-17 21:05:17', '2022-02-23 00:16:17', NULL),
(8, 5, 'X-Large', '5_x-large', 1, 0, '2022-02-17 21:05:33', '2022-03-09 08:41:44', NULL),
(9, 5, 'XX-Large', '5_xx-large', 1, 0, '2022-02-17 21:05:42', '2022-03-09 08:42:12', NULL),
(10, 1, 'X-Large', '1_x-large', 1, 0, '2022-02-22 19:19:57', '2022-03-09 08:37:50', NULL),
(11, 1, 'XX-Large', '1_xx-large', 1, 0, '2022-03-09 08:38:03', '2022-03-09 08:38:03', NULL),
(12, 1, 'Youth Large', '1_youthlarge', 1, 0, '2022-03-09 08:38:16', '2022-03-09 08:38:16', NULL),
(13, 1, 'Youth X-Large', '1_youthx-large', 1, 0, '2022-03-09 08:38:36', '2022-03-09 08:38:36', NULL),
(14, 1, 'X-Small', '1_x-small', 1, 0, '2022-03-09 11:56:12', '2022-03-09 11:56:12', NULL);

-- --------------------------------------------------------

--
-- Table structure for table `sports`
--

CREATE TABLE `sports` (
  `id` int(11) NOT NULL,
  `name` varchar(255) NOT NULL,
  `slug` varchar(255) NOT NULL,
  `is_active` tinyint(4) NOT NULL DEFAULT 1,
  `is_deleted` tinyint(4) NOT NULL DEFAULT 0,
  `created_at` timestamp NOT NULL DEFAULT current_timestamp(),
  `updated_at` timestamp NOT NULL DEFAULT current_timestamp() ON UPDATE current_timestamp(),
  `deleted_at` timestamp NULL DEFAULT NULL
) ENGINE=InnoDB DEFAULT CHARSET=utf8mb4;

--
-- Dumping data for table `sports`
--

INSERT INTO `sports` (`id`, `name`, `slug`, `is_active`, `is_deleted`, `created_at`, `updated_at`, `deleted_at`) VALUES
(1, 'Baseball', 'baseball', 1, 0, '2022-01-07 20:57:03', '2022-01-07 20:57:03', NULL),
(2, 'Softball', 'softball', 1, 0, '2022-01-07 20:57:18', '2022-01-07 20:57:18', NULL);

-- --------------------------------------------------------

--
-- Table structure for table `team`
--

CREATE TABLE `team` (
  `id` int(11) NOT NULL,
  `sports_id` int(11) NOT NULL,
  `section_id` int(11) NOT NULL,
  `name` varchar(255) NOT NULL,
  `is_active` tinyint(4) NOT NULL DEFAULT 1,
  `is_deleted` tinyint(4) NOT NULL DEFAULT 0,
  `created_at` timestamp NOT NULL DEFAULT current_timestamp(),
  `updated_at` timestamp NOT NULL DEFAULT current_timestamp() ON UPDATE current_timestamp(),
  `deleted_at` timestamp NULL DEFAULT NULL
) ENGINE=InnoDB DEFAULT CHARSET=utf8mb4;

--
-- Dumping data for table `team`
--

INSERT INTO `team` (`id`, `sports_id`, `section_id`, `name`, `is_active`, `is_deleted`, `created_at`, `updated_at`, `deleted_at`) VALUES
(6, 1, 1, 'abc', 0, 1, '2022-02-11 00:38:12', '2022-02-11 12:46:12', NULL),
(7, 2, 1, 'adc', 0, 1, '2022-02-10 19:53:37', '2022-02-11 12:46:15', NULL),
(8, 1, 1, 'high school baseball', 1, 0, '2022-02-11 12:46:29', '2022-02-11 12:46:29', NULL),
(9, 2, 1, 'high school softball', 1, 0, '2022-02-11 12:46:48', '2022-02-11 12:46:48', NULL),
(10, 1, 2, 'youth baseball', 1, 0, '2022-02-11 12:47:03', '2022-02-11 12:47:03', NULL),
(11, 2, 2, 'youth softball', 1, 0, '2022-02-11 12:47:16', '2022-02-11 12:47:16', NULL),
(12, 1, 1, 'asd', 0, 1, '2022-03-03 19:49:03', '2022-03-03 19:49:10', NULL);

-- --------------------------------------------------------

--
-- Table structure for table `testimonials`
--

CREATE TABLE `testimonials` (
  `id` int(11) NOT NULL,
  `name` varchar(255) COLLATE utf8mb4_unicode_ci DEFAULT NULL,
  `desc` text COLLATE utf8mb4_unicode_ci DEFAULT NULL,
  `star` int(11) DEFAULT NULL,
  `is_active` tinyint(4) NOT NULL DEFAULT 1,
  `is_deleted` tinyint(4) NOT NULL DEFAULT 0,
  `created_at` timestamp NOT NULL DEFAULT current_timestamp(),
  `updated_at` timestamp NOT NULL DEFAULT current_timestamp() ON UPDATE current_timestamp(),
  `deleted_at` timestamp NULL DEFAULT NULL
) ENGINE=InnoDB DEFAULT CHARSET=utf8mb4 COLLATE=utf8mb4_unicode_ci;

--
-- Dumping data for table `testimonials`
--

INSERT INTO `testimonials` (`id`, `name`, `desc`, `star`, `is_active`, `is_deleted`, `created_at`, `updated_at`, `deleted_at`) VALUES
(1, 'Shawn Pitts', '<p>Our competitive youth baseball team has been using the BB Sports Training facilities for the past two years. Shea is great to work with and does everything he can to create a schedule that works for the team. The facilities offer us everything we need to stay tuned during the indoor months. Shea has also worked with both of my sons individually providing incredible hitting instruction. I would highly recommend the facilities and the incredible coaches working at the facilities.</p>\r\n', NULL, 1, 0, '2021-12-06 13:54:59', '2022-02-02 23:08:01', NULL),
(2, 'Brody Knauer', '<p>Very organized and professional experienced management, the facility is well taken care of and offers a ton of awesome gadgets from swing analysis to velocity! Also great coaching and instruction from a well rounded and enthusiastic Coach Bell!</p>\r\n', NULL, 1, 0, '2021-12-06 13:57:24', '2022-01-03 17:12:24', NULL),
(3, 'Jackson Johnson', '<p>This place gets down to business! The staff and coaches that BB Sports has to offer to the community are very well knowledged, committed, and ambitious. This is the program you want to put your baseball/softball child into. BB Sports best in town.</p>\r\n', NULL, 1, 0, '2021-12-20 12:32:27', '2022-01-03 17:12:54', NULL),
(7, 'Matt Carver', '<p>Shea has put a lot of time and effort into making BB Sports a prime facility for baseball/softball training. I&rsquo;ve sent several players there to work with him to improve their game. He does everything he can to make sure you get your money&rsquo;s worth. The facility is well kept and professional!</p>\r\n', NULL, 1, 0, '2022-01-03 17:17:18', '2022-01-03 17:17:18', NULL),
(8, 'David Flanigan', '<p>Great facility with everything to help athletes grow from, bands, hitting cage, top of the line pitching machine for hitting, pitching mound, and plenty of space for your off-season training.</p>\r\n', NULL, 1, 0, '2022-01-03 17:18:18', '2022-01-03 17:18:18', NULL),
(9, 'Mary Withey', '<p>Top notch indoor training facility offering the newest equipment available for softball and baseball practice. If you&rsquo;re looking for a place to practice, this is it! Highly recommended! My daughter has been receiving batting lessons for some time now and she has made huge and noticeable improvements! Shea provides excellent coaching and advice!</p>\r\n', NULL, 1, 0, '2022-01-03 17:19:06', '2022-01-03 17:19:06', NULL),
(10, 'Jake Dollarhide', '<p>This facility is an amazing place with state of the art equipment to improve every part of your game weather it&rsquo;s baseball or softball. Coach Shea and Coach Rogs are not only amazing coaches but great guys as well. They have great baseball backgrounds and knowledge for the game. They truly care about the kids that they are coaching and helping out always having the passion to help kids improve and get better every single day. This is the best facility and with the best coaching staff around!</p>\r\n', NULL, 1, 0, '2022-01-03 17:19:48', '2022-01-03 17:19:48', NULL),
(13, 'asdfsgh', '<p>asdfghhj</p>\r\n', NULL, 0, 1, '2022-02-11 05:03:04', '2022-02-11 05:03:08', NULL),
(14, 'asdfg', '<p>asdfgh</p>\r\n', NULL, 0, 1, '2022-03-03 19:50:28', '2022-03-03 19:50:34', NULL);

-- --------------------------------------------------------

--
-- Table structure for table `users`
--

CREATE TABLE `users` (
  `id` int(10) UNSIGNED NOT NULL,
  `project_id` int(11) NOT NULL DEFAULT 1,
  `name` varchar(255) COLLATE utf8mb4_unicode_ci NOT NULL,
  `username` varchar(255) COLLATE utf8mb4_unicode_ci DEFAULT NULL,
  `email` varchar(255) COLLATE utf8mb4_unicode_ci NOT NULL,
  `email_verified_at` timestamp NULL DEFAULT NULL,
  `password` varchar(255) COLLATE utf8mb4_unicode_ci NOT NULL,
  `profile_pic` varchar(512) COLLATE utf8mb4_unicode_ci DEFAULT NULL,
  `gender` varchar(255) COLLATE utf8mb4_unicode_ci DEFAULT NULL,
  `address` varchar(255) COLLATE utf8mb4_unicode_ci DEFAULT NULL,
  `dob` date DEFAULT NULL,
  `role_id` int(11) NOT NULL DEFAULT 3,
  `is_active` tinyint(4) NOT NULL DEFAULT 1,
  `is_deleted` tinyint(4) NOT NULL DEFAULT 0,
  `created_at` timestamp NOT NULL DEFAULT current_timestamp(),
  `updated_at` timestamp NOT NULL DEFAULT current_timestamp() ON UPDATE current_timestamp(),
  `deleted_at` timestamp NULL DEFAULT NULL,
  `remember_token` varchar(100) COLLATE utf8mb4_unicode_ci DEFAULT NULL
) ENGINE=InnoDB DEFAULT CHARSET=utf8mb4 COLLATE=utf8mb4_unicode_ci;

--
-- Dumping data for table `users`
--

INSERT INTO `users` (`id`, `project_id`, `name`, `username`, `email`, `email_verified_at`, `password`, `profile_pic`, `gender`, `address`, `dob`, `role_id`, `is_active`, `is_deleted`, `created_at`, `updated_at`, `deleted_at`, `remember_token`) VALUES
(1, 29, 'Shea Bell', 'admin', 'admin@project.com', NULL, '$2y$10$pH4esI94b2n.OhUUKYWC5.cOeB45Q5UfZoHANRD/Y6e1K00a63P5O', 'uploads/avatar/9112918798718be5755cb47b464b9453/Kmfzc9x4BEGhw4b1OMRfkTntfwCDwpcw8ISiYrcy.jpg', 'male', 'address', '2003-12-24', 1, 1, 0, '2021-05-11 19:44:21', '2022-02-02 13:49:22', NULL, NULL),
(86, 1, 'Termarr Johnson', 'termarrjohnson', 'termarrjohnson@gmail.com', NULL, '$2y$10$NUPsZqpIUCLmYfDl6DvrNO/G9uBEPG5bSaVT72xj4gW4CZ/QFnEKW', 'uploads/avatar/f3f1ffac3c2f9c5968964f4f0ca5a3d2/Y9APIGS7XtIqwZir7vFrBvkS3nIsKSESoXCQhHsI.jpg', NULL, NULL, NULL, 3, 1, 0, '2022-02-02 13:01:35', '2022-02-04 20:02:22', NULL, NULL),
(97, 1, 'Daniel', 'instructor', 'instructor@gmail.com', NULL, '$2y$10$wcbHj8jJe.AMaY2sfZ7/pOg7hlZgFRpOk/rUWfcwEDMILcdmQsZ5W', 'uploads/avatar/Austin Williamson_1644010326.jpg', NULL, NULL, NULL, 2, 1, 0, '2022-02-04 15:34:52', '2022-02-04 16:32:06', NULL, NULL),
(104, 1, 'Daniel Ross', 'danielross', 'jose@gmail.com', NULL, '$2y$10$jnIZc.2QUm2.f6JTDV6GH.2rqm/ksXi.X711U71MzYLJZgSf4LpaS', NULL, NULL, NULL, NULL, 3, 1, 0, '2022-02-11 02:38:05', '2022-02-11 02:38:05', NULL, NULL),
(105, 1, 'Shea Bell', 'sheabell', 'shea@gmail.com', NULL, '$2y$10$xgZdAex7R6bNe2aafeasTOMEb.WWXvIZRHPdYsCfjkJehI925vCm6', 'uploads/avatar/65bc1b5eadbde4c8dc14a81db0114a4f/bAespyKtuqwwitbd0xDEMw156uiPxeflSUdUyecj.png', NULL, NULL, NULL, 3, 1, 0, '2022-02-11 02:41:59', '2022-02-11 02:44:59', NULL, NULL),
(106, 1, 'Jose', 'jose', 'gracie@gmail.com', NULL, '$2y$10$7OHmX8F3Ot/yx8KLdX2RleQhLbkXq/hSbNFKNu29VmDTKS9I84vve', 'uploads/avatar/Austin Williamson_1644529583.jpg', NULL, NULL, NULL, 2, 1, 0, '2022-02-11 02:46:23', '2022-02-11 02:46:23', NULL, NULL),
(107, 1, 'Anonymous User', 'anonymoususer', 'anonymous@gmail.com', NULL, '$2y$10$CKeENUfNGvdF7ucGoHe19.ZrFuW0FdkNAB.QC3bm.3TR2AYzskMSm', NULL, NULL, NULL, NULL, 3, 1, 0, '2022-02-11 13:30:48', '2022-02-11 13:30:48', NULL, NULL),
(145, 1, 'Daniel Ross', NULL, 'myid@gmail.com', NULL, '$2y$10$lMjOzv4ZWRo3qJ4oDlMNR.IBczhVZa8hOMNS9C8gA6ZfIFLS0FZHG', NULL, NULL, NULL, NULL, 4, 1, 0, '2022-03-08 21:05:48', '2022-03-10 01:39:47', NULL, 'n4WLpVc4Ow0Blwt00uaU9TQnpMcPmFSgeuFdphWTvrMmBxBskGzQG1xAdWan');

-- --------------------------------------------------------

--
-- Table structure for table `videos`
--

CREATE TABLE `videos` (
  `id` int(11) NOT NULL,
  `user_id` int(11) NOT NULL,
  `player_id` int(11) NOT NULL,
  `image` varchar(512) NOT NULL,
  `link` varchar(512) NOT NULL,
  `is_active` tinyint(4) NOT NULL DEFAULT 1,
  `is_deleted` tinyint(4) NOT NULL DEFAULT 0,
  `created_at` timestamp NOT NULL DEFAULT current_timestamp(),
  `updated_at` timestamp NOT NULL DEFAULT current_timestamp() ON UPDATE current_timestamp(),
  `deleted_at` timestamp NULL DEFAULT NULL
) ENGINE=InnoDB DEFAULT CHARSET=utf8mb4;

--
-- Dumping data for table `videos`
--

INSERT INTO `videos` (`id`, `user_id`, `player_id`, `image`, `link`, `is_active`, `is_deleted`, `created_at`, `updated_at`, `deleted_at`) VALUES
(3, 1, 12, 'uploads/Austin Williamson_1644537991.jpg', 'https://www.youtube.com/watch?v=IFJ0cFH9Sg4', 1, 0, '2022-02-16 20:08:27', '2022-02-16 20:43:27', NULL);

-- --------------------------------------------------------

--
-- Table structure for table `web_cms`
--

CREATE TABLE `web_cms` (
  `id` int(11) NOT NULL,
  `tag` varchar(255) NOT NULL,
  `class` varchar(255) DEFAULT NULL,
  `desc` text NOT NULL,
  `slug` text NOT NULL,
  `is_active` tinyint(4) NOT NULL DEFAULT 1,
  `is_deleted` tinyint(4) NOT NULL DEFAULT 0,
  `created_at` timestamp NOT NULL DEFAULT current_timestamp(),
  `updated_at` timestamp NOT NULL DEFAULT current_timestamp() ON UPDATE current_timestamp(),
  `deleted_at` timestamp NULL DEFAULT NULL
) ENGINE=InnoDB DEFAULT CHARSET=utf8mb4;

--
-- Dumping data for table `web_cms`
--

INSERT INTO `web_cms` (`id`, `tag`, `class`, `desc`, `slug`, `is_active`, `is_deleted`, `created_at`, `updated_at`, `deleted_at`) VALUES
(12, 'h4', '', '<h4>BUILT ELITE</h4>\r\n', 'h4BUILT ELITE', 1, 0, '2022-01-14 17:22:36', '2022-02-04 21:07:05', NULL),
(13, 'h4', '', '<h4>TRAIN ELITE</h4>\r\n', 'h4TRAIN ELITE', 1, 0, '2022-01-14 17:22:45', '2022-01-20 17:47:50', NULL),
(14, 'h4', '', '<h4>OUR PARTNERS</h4>\r\n', 'h4OUR PARTNERS', 1, 0, '2022-01-14 17:23:03', '2022-01-20 17:47:53', NULL),
(15, 'h4', '', '<h4>Best Wilson, Demarini, ATEC, and Louisville Slugger Deals</h4>\r\n', 'h4Best Wilson, Demarini, ATEC, and Louisville Slugger Deals', 1, 0, '2022-01-14 17:23:12', '2022-01-20 17:47:56', NULL),
(16, 'h4', '', '<h4>Our Work</h4>\r\n', 'h4Our Work', 1, 0, '2022-01-14 17:23:22', '2022-01-20 17:47:58', NULL),
(17, 'h4', '', '<h4>Peaktop Program</h4>\r\n', 'h4Peaktop Program', 1, 0, '2022-01-14 17:26:38', '2022-01-20 17:48:00', NULL),
(18, 'h4', '', '<h4>APPAREL</h4>\r\n', 'h4APPAREL', 1, 0, '2022-01-14 17:28:53', '2022-01-20 17:48:02', NULL),
(19, 'p', '', '<p>Our top of the line training program!! Built from organizations like the Yankees, Blue Jays, Dodgers, and more</p>\r\n', 'pOur top of the line training program!! Built from organizations like the Yankees, Blue Jays, Dodgers, and more', 1, 0, '2022-01-14 17:29:11', '2022-01-20 17:48:06', NULL),
(20, 'p', '', '<p>Our apparel, equipment, and more</p>\r\n', 'pOur apparel, equipment, and more', 1, 0, '2022-01-14 17:29:25', '2022-01-20 17:48:09', NULL),
(21, 'h4', '', '<h4>HITTRAX LEAGUES &amp; GAMES</h4>\r\n', 'h4HITTRAX LEAGUES & GAMES', 1, 0, '2022-01-14 17:36:09', '2022-01-20 17:48:11', NULL),
(22, 'h4', '', '<h4>RECRUITING VIDEOS</h4>\r\n', 'h4RECRUITING VIDEOS', 1, 0, '2022-01-14 17:36:31', '2022-01-20 17:48:15', NULL),
(23, 'h4', '', '<h4>PRO AND COLLEGE ATHLETES USING FACILITY</h4>\r\n', 'h4PRO AND COLLEGE ATHLETES USING FACILITY', 1, 0, '2022-01-14 17:39:38', '2022-01-20 17:48:19', NULL),
(24, 'h4', '', '<h4>New Clients</h4>\r\n', 'h4New Clients', 1, 0, '2022-01-14 17:42:52', '2022-01-20 17:48:21', NULL),
(25, 'p', '', '<p>Phone Hours</p>\r\n', 'pPhone Hours', 1, 0, '2022-01-14 17:57:47', '2022-01-20 17:48:23', NULL),
(26, 'p', '', '<p>M - F: 10am - 9pm</p>\r\n', 'pM - F: 10am - 9pm', 1, 0, '2022-01-14 17:59:35', '2022-01-20 17:48:25', NULL),
(27, 'p', '', '<p>All service are by appointment only. Sign up for service online or by contacting us</p>\r\n', 'pAll service are by appointment only...sign up for service online or by contacting us', 1, 0, '2022-01-14 18:00:53', '2022-01-20 17:48:28', NULL),
(28, 'h5', '', '<h5>For someone to contact you, complete the form below...Or head to our booking website by clicking on the button here Everything can be booked and bought on this site</h5>\r\n', 'h5For someone to contact you, complete the form below...Or head to our booking website by clicking on the button here Everything can be booked and bought on this site', 1, 0, '2022-01-14 18:21:37', '2022-01-20 17:48:32', NULL),
(29, 'p', '', '<p>Indoor leagues and games to train and play year round in a competitive setting</p>\r\n', 'pIndoor leagues and games to train and play year round in a competitive setting', 1, 0, '2022-01-14 18:21:57', '2022-01-20 17:48:35', NULL),
(30, 'p', '', '<p>All of our instructors are highly qualified and have played sports at high school, collegiate, and professional levels. We have a passion for all sports and want every athlete that joins our BB Sports Family to develop that same passion.</p>\r\n', 'pAll of our instructors are highly qualified and have played sports at high school, collegiate, and professional levels. We have a passion for all sports and want every athlete that joins our BB Sports Family to develop\r\n                    that same passion.', 1, 0, '2022-01-14 18:22:23', '2022-01-20 17:48:38', NULL),
(31, 'h5', '', '<h5>Recruiting Services</h5>\r\n', 'h5Recruiting Services', 1, 0, '2022-01-14 18:42:40', '2022-01-20 17:48:40', NULL),
(32, 'p', '', '<p>Our top of the line program!!! This is our pride and joy program that is built from programs like the New York Yankees, Toronto Blue Jays, Los Angeles Dodgers, Washington Nationals, Colorado Rockies, Miami Marlins, and more.</p>\r\n\r\n<p>We use technology such as hittrax, rapsodo, diamond kinetics, and more. Included is a full Athletic Performance Evaluation testing mobility, strength, and sports specific skills.</p>\r\n\r\n<p>Train like the Professionals!!!</p>\r\n', 'pOur top of the line program!!!', 1, 0, '2022-01-14 18:47:27', '2022-01-20 17:48:42', NULL),
(33, 'p', '', '<p>Train in a 1 on 1 or 2 on 1 setting. We offer hitting, pitching, fielding, catching, speed and agility, and strength training.</p>\r\n\r\n<p>All of our instructors and trainers have a background in baseball and softball and played at the collegiate and/or pro level. We use technology such as hittrax, rapsodo, diamond kinetics, and more.</p>\r\n', 'pTrain in a 1 on 1 or 2 on 1 setting', 1, 0, '2022-01-14 18:49:42', '2022-01-20 17:48:44', NULL),
(34, 'p', '', '<p>Can&#39;t make it into the facility? No problem!</p>\r\n\r\n<p>We have online lessons at the palm of your hand. Our head instructor has been doing video analysis for youth, high school, college, and pro athletes for the last 5 years with over 5000 hours of video analysis work.</p>\r\n\r\n<p>He has been working with brand new and veteran athletes at BB Sports for 3 years developing some of the best drill progressions. These drill progressions are designed to fix any flaws in the quickest and most efficient ways</p>\r\n', 'pCan\'t make it into the facility', 1, 0, '2022-01-14 18:53:26', '2022-01-20 17:48:47', NULL),
(35, 'p', '', '<p>Recruiting Services</p>\r\n\r\n<p>Get access to the knowledge and resources needed to get recruited!!</p>\r\n\r\n<p>We build recruiting videos, give you email templates, add you to our Player Portal, and talk you through the process of sending videos and information.</p>\r\n\r\n<p>Don&#39;t miss out on getting recruited by not being proactive or not knowing where to start. Let us help!!</p>\r\n', 'pGet access to the knowledge and resources', 1, 0, '2022-01-14 18:56:41', '2022-01-20 17:48:49', NULL),
(37, 'h5', '', '<h5><u>Our Top of the Line Programs</u></h5>\r\n', 'h5Our Top of the Line Program', 1, 0, '2022-01-14 19:25:04', '2022-01-20 17:48:52', NULL),
(38, 'p', '', '<p>This is our top of the line training program for serious athletes that are looking to play college and pro ball!</p>\r\n\r\n<p>This is our highly advanced training program that focuses on the skills, biomechanics, and mobility/strength needed to preform at the highest level!</p>\r\n\r\n<p>Must be willing to commit to a weekly commitment at a determined time that best fits instructors and athletes/family.</p>\r\n', 'pThis is our top of the line training program for serious athletes', 1, 0, '2022-01-14 20:32:07', '2022-01-20 17:48:58', NULL),
(39, 'h2', '', '<h2>sssssssss</h2>\r\n', 'h2HittingIncreaseExit Velocity', 1, 0, '2022-01-14 20:44:43', '2022-01-20 17:49:00', NULL),
(40, 'h2', '', '<h2>Hitting</h2>\r\n\r\n<h3>Increase...</h3>\r\n\r\n<ul>\r\n	<li>Exit Velocity</li>\r\n	<li>Bat Speed</li>\r\n	<li>Distance</li>\r\n	<li>Biomechanics(Bat Path, Hand Path, Spine Stability, etc.)</li>\r\n	<li>Consistency</li>\r\n	<li>Pitch Recognition</li>\r\n</ul>\r\n', 'h2HittingIncreaseExit Velocity', 1, 0, '2022-01-14 20:50:25', '2022-01-20 17:49:02', NULL),
(41, 'h2', '', '<h2>Fielding</h2>\r\n\r\n<h3>Increase...</h3>\r\n\r\n<ul>\r\n	<li>Footwork</li>\r\n	<li>Glove Work</li>\r\n	<li>Glove WorkAwareness</li>\r\n	<li>Bad Hop Reactions</li>\r\n	<li>Pre Pitch Planning</li>\r\n</ul>\r\n', 'h2FieldingIncreaseFootwork', 1, 0, '2022-01-14 20:53:01', '2022-01-20 17:49:06', NULL),
(42, 'h2', '', '<h2>Velocity and Pitching</h2>\r\n\r\n<h3>Increase...</h3>\r\n\r\n<ul>\r\n	<li>Throwing Velocity</li>\r\n	<li>Spin</li>\r\n	<li>Leg Drive</li>\r\n	<li>Biomechanics(arm action, hand position, shoulder alignment, hip rotation, etc.)</li>\r\n	<li>Control</li>\r\n	<li>Offspeed</li>\r\n</ul>\r\n', 'h2VelocityandPitchingIncreaseThrowing Velocity', 1, 0, '2022-01-14 21:32:46', '2022-01-20 17:49:09', NULL),
(43, 'h2', '', '<h2>Strength, Speed, and Power</h2>\r\n\r\n<h3>Increase&hellip;</h3>\r\n\r\n<ul>\r\n	<li>Mobility</li>\r\n	<li>Strength</li>\r\n	<li>Speed</li>\r\n	<li>Agility</li>\r\n	<li>Explosion</li>\r\n	<li>Power in Multiple Planes</li>\r\n	<li>Body Awareness</li>\r\n</ul>\r\n', 'h2StrengthSpeedandPowerIncreaseMobility', 1, 0, '2022-01-14 21:34:24', '2022-01-20 17:49:11', NULL),
(44, 'h2', '', '<h2>Youth Athleticism</h2>\r\n\r\n<h3>Increase&hellip;</h3>\r\n\r\n<ul>\r\n	<li>Hand Eye Coordination</li>\r\n	<li>Motor Skills</li>\r\n	<li>Strength</li>\r\n	<li>Agility</li>\r\n	<li>Speed</li>\r\n	<li>Acceleration</li>\r\n</ul>\r\n', 'h2YouthAthleticismIncreaseHandEye', 1, 0, '2022-01-14 21:36:52', '2022-01-20 17:49:14', NULL),
(45, 'p', '', '<p>We are looking for committed athletes that are wanting to elevate their game to that next Peak Top and continue their passion for the game.</p>\r\n\r\n<p>We have you fill out a form that gives us the best days and times to fit your schedule and our schedule! We have groups running almost everyday!!</p>\r\n', 'pWe are looking for committed athletes that are wanting', 1, 0, '2022-01-14 21:39:52', '2022-01-20 17:49:16', NULL),
(46, 'h5', '', '<h5>Private Lessons and Training</h5>\r\n', 'Private Lessons and Training', 1, 0, '2022-01-17 18:40:06', '2022-01-20 17:49:18', NULL),
(47, 'p', '', '<p>Forget the cookie cutter programs!!! At BB Sports we do everything custom to each athlete!!</p>\r\n\r\n<p>Full Athletic Performance Evaluations are done for each one of our athletes!! We test mobility, strength, and sports specific skills to design the perfect progression that is custom to each athlete!!</p>\r\n\r\n<p>We use the most advanced technology available to track numerous metrics. Hittrax, Rapsodo, 4D motion, Pocket Radar, Strength Sensors, etc. are all used to get the most accurate numbers possible to track and design programs</p>\r\n\r\n<p>Hitting, Pitching, Velocity, Fielding, Catching, Strength, and Speed/Agility are all offered and run by instructors with college or pro experience!</p>\r\n', 'pForget the cookie cutter programs', 1, 0, '2022-01-17 18:41:24', '2022-01-20 17:49:20', NULL),
(48, 'h5', '', '<h2>Hitting</h2>\r\n\r\n<h3>Increase</h3>\r\n\r\n<ul>\r\n	<li>Exit Velocity</li>\r\n	<li>Bat Speed</li>\r\n	<li>Bat Speed</li>\r\n	<li>Biomechanics(Bat Path, Hand Path, Spine Stability, etc.)</li>\r\n	<li>Consistency</li>\r\n	<li>Pitch Recognition</li>\r\n	<li>And More</li>\r\n</ul>', 'h5Private Lessons and Training', 1, 0, '2022-01-17 18:45:35', '2022-01-20 17:50:01', NULL),
(49, 'h5', '', '<h2>Hitting</h2>\r\n\r\n<h3>Increase</h3>\r\n\r\n<ul>\r\n	<li>Exit Velocity</li>\r\n	<li>Bat Speed</li>\r\n	<li>Bat Speed</li>\r\n	<li>Biomechanics(Bat Path, Hand Path, Spine Stability, etc.)</li>\r\n	<li>Consistency</li>\r\n	<li>Pitch Recognition</li>\r\n	<li>And More</li>\r\n</ul>', 'plh5HittingIncrease', 1, 0, '2022-01-17 18:47:15', '2022-01-20 17:50:05', NULL),
(50, 'h5', '', '<h2>Fielding</h2>\r\n\r\n<h3>Increase</h3>\r\n\r\n<ul>\r\n	<li>Fielding Percentage</li>\r\n	<li>Rhythm</li>\r\n	<li>Footwork</li>\r\n	<li>Glove work</li>\r\n	<li>Bad Hop Reactions</li>\r\n	<li>Bad Hop Reactions</li>\r\n	<li>And More</li>\r\n</ul>', 'plh5FieldingIncrease', 1, 0, '2022-01-17 18:48:13', '2022-01-20 17:50:07', NULL),
(51, 'h5', '', '<h2>Strength/Mobility Speed/Explosion</h2>\r\n\r\n<h3>Increase</h3>\r\n\r\n<ul>\r\n	<li>Mobility</li>\r\n	<li>Strength</li>\r\n	<li>Speed</li>\r\n	<li>Agility</li>\r\n	<li>Explosion</li>\r\n	<li>Power in Multiple Planes</li>\r\n	<li>Body Awareness</li>\r\n</ul>\r\n', 'plh5StrengthMobilitySpeedExplosionIncrease', 1, 0, '2022-01-17 18:49:09', '2022-01-20 17:50:09', NULL),
(52, 'h5', '', '<h2>Pitching/Velocity</h2>\r\n\r\n<h3>Increase</h3>\r\n\r\n<ul>\r\n	<li>Throwing Velocity</li>\r\n	<li>Spin</li>\r\n	<li>Leg Drive</li>\r\n	<li>Biomechanics(arm action, hand position, shoulder alignment, hip rotation, etc.)</li>\r\n	<li>Control</li>\r\n	<li>Offspeed</li>\r\n	<li>And More</li>\r\n</ul>', 'plh5PitchingVelocityIncrease', 1, 0, '2022-01-17 18:51:22', '2022-01-20 17:50:11', NULL),
(53, 'h5', '', '<h2>Catching</h2>\r\n\r\n<h3>Increase</h3>\r\n\r\n<ul>\r\n	<li>Blocking</li>\r\n	<li>Framing</li>\r\n	<li>Footwork</li>\r\n	<li>Foot Speed</li>\r\n	<li>Pop Times</li>\r\n	<li>Transfer Times</li>\r\n	<li>And More</li>\r\n</ul>', 'plh5CatchingIncrease', 1, 0, '2022-01-17 18:54:08', '2022-01-20 17:50:13', NULL),
(54, 'h5', '', '<h5>ELEVATE YOUR GAME</h5>\r\n', 'h5ELEVATE YOUR GAME', 1, 0, '2022-01-18 12:58:56', '2022-01-20 17:50:16', NULL),
(55, 'h2', '', '<h2>BB SPORTS ONLINE TRAINING</h2>\r\n', 'h2BB SPORTS ONLINE TRAINING', 1, 0, '2022-01-18 13:38:24', '2022-01-20 17:50:18', NULL),
(56, 'p', '', '<p>Our head instructor Shea Bell has done over 5000 hours of coaching and video analysis. He works with 10+ pro athletes, 20+ college athletes, and numerous high school and college athletes. Including players such as Chad Bell(3B, Yankees), JD Hammer(P, Phillies), Aaron Ochsenbein(P, Dodgers), Shane Matheny(IF, Giants), Ben Newton(C, ECU), and so many more</p>\r\n', 'pOur head instructor Shea Bell has done', 1, 0, '2022-01-18 13:39:45', '2022-01-20 17:50:19', NULL),
(57, 'h2', '', '<h2><u>WHAT SHOULD YOU EXPECT?</u></h2>\r\n', 'h2WHAT SHOULD YOU EXPECT?', 1, 0, '2022-01-18 14:52:51', '2022-01-20 17:50:23', NULL),
(58, 'h2', '', '<h3>1) Skills and Mobility Analysis</h3>\r\n\r\n<p>Every client starts their first lesson with sending us 1 thing for breakdown and analysis</p>\r\n\r\n<p>Hitting or Pitching Video</p>\r\n\r\n<p> <i class=\"fa fa-futbol-o\" aria-hidden=\"true\"></i> Side view is the best for optimal analysis</p>\r\n', 'h31) Skills and Mobility Analysis', 1, 0, '2022-01-18 14:55:28', '2022-01-20 17:50:24', NULL),
(59, 'h2', '', '<h3>2) Easy Video Upload with APEX by Upper Hand</h3>\r\n\r\n<p>Upload your videos all within APEX just by creating an account or having us create it for you.</p>\r\n\r\n<p>You submit your video and within 48 hours you have a breakdown, analysis, and lesson plan</p>\r\n', 'h3WHAT SHOULD YOU EXPECT?', 1, 0, '2022-01-18 15:04:36', '2022-01-20 17:50:26', NULL),
(60, 'h3', '', '<h3>2) Easy Video Upload with APEX by Upper Hand</h3>\r\n\r\n<p>Upload your videos all within APEX just by creating an account or having us create it for you.</p>\r\n\r\n<p>You submit your video and within 48 hours you have a breakdown, analysis, and lesson plan</p>\r\n', 'h32) Easy Video Upload with APEX by Upper Hand', 1, 0, '2022-01-18 15:12:16', '2022-01-20 17:50:29', NULL),
(61, 'h3', '', '<h3>3)Top of the Line Evaluations</h3>\r\n\r\n<p>Our evaluations are always extremely in depth. I take the time to look at multiple angles(if provided) to find the most alarming issues.</p>\r\n\r\n<p><i class=\"fa fa-futbol-o\" aria-hidden=\"true\"></i>Hitting or Pitching Video<br />\r\nSide view is the best for optimal analysis</p>\r\n\r\n<p><i class=\"fa fa-futbol-o\" aria-hidden=\"true\"></i>We then send a full in depth voiceover to show you what we see, what we mean by our terminology, and an in depth drill progression.</p>\r\n', 'h33)Top of the Line Evaluations', 1, 0, '2022-01-18 15:15:19', '2022-01-20 17:50:31', NULL),
(62, 'h3', '', '<h3>4) Lesson Plans</h3>\r\n\r\n<p>Our lessons are custom to each clients...we take the same process every time to find out why we are struggling and how to get better</p>\r\n\r\n<p><i class=\"fa fa-futbol-o\" aria-hidden=\"true\"></i>Send in your video</p>\r\n\r\n<p><i class=\"fa fa-futbol-o\" aria-hidden=\"true\"></i>We analyze your swing or throwing motion</p>\r\n\r\n<p><i class=\"fa fa-futbol-o\" aria-hidden=\"true\"></i>Voiceover analysis explaining what we see</p>\r\n\r\n<p><i class=\"fa fa-futbol-o\" aria-hidden=\"true\"></i>We send list of drills with videos examples and how to fix</p>\r\n\r\n<p><i class=\"fa fa-futbol-o\" aria-hidden=\"true\"></i>Message us if you have questions on the drills we sent</p>\r\n', 'h34) Lesson Plans', 1, 0, '2022-01-18 15:20:22', '2022-01-20 17:50:33', NULL),
(63, 'h3', '', '<h3>5) Multiple Ways to Pay</h3>\r\n\r\n<p>Our 3 packages allow you to train at your pace. Find out what your doing wrong or stay consistent with</p>\r\n\r\n<p>multiple lessons...as low as $21 per lesson</p>\r\n\r\n<p><i class=\"fa fa-futbol-o\" aria-hidden=\"true\"></i> 1 Lesson=$30</p>\r\n\r\n<p><i class=\"fa fa-futbol-o\" aria-hidden=\"true\"></i> 4 Lessons=$100</p>\r\n\r\n<p><i class=\"fa fa-futbol-o\" aria-hidden=\"true\"></i> 8 Lessons=$175</p>\r\n', 'h35) Multiple Ways to Pay', 1, 0, '2022-01-18 15:24:05', '2022-01-20 17:50:42', NULL),
(64, 'p', '', '<p>Our youth teams the Colorado Yetis(Baseball) and Colorado Power(Softball) are some of the top programs in Northern Colorado.</p>\r\n\r\n<p>We give the kids the basic fundamentals and athleticism to play any sport as far as they would like</p>\r\n', 'pOur youth teams the Colorado Yetis', 1, 0, '2022-01-18 15:34:29', '2022-01-20 17:50:45', NULL),
(65, 'p', '', '<ul>\r\n	<li>Develop individual skills that will help each player have success at every level</li>\r\n	<li>To learn game knowledge and situations taught at the professional level</li>\r\n	<li>To create athleticism and hand eye coordination that will help with all sports</li>\r\n	<li>To develop a passion for this great game and experience life lessons and experiences with your friends and BB Sports family</li>\r\n	<li>And overall to develop young men that will have success in life whether it is on the field or in life</li>\r\n</ul>', 'pDevelop individual skills that will help each player have success at every level', 1, 0, '2022-01-18 15:38:17', '2022-01-20 17:50:47', NULL),
(66, 'h1', '', '<ul>\r\n	<li><span class=\"b-art-points-icon\"> <i class=\"fas fa-dot-circle\"></i></span> <span>Hittrax</span></li>\r\n	<li><span class=\"b-art-points-icon\"> <i class=\"fas fa-dot-circle\"></i></span> <span>Rapsodo</span></li>\r\n	<li><span class=\"b-art-points-icon\"> <i class=\"fas fa-dot-circle\"></i></span> <span>4D Motion</span></li>\r\n	<li><span class=\"b-art-points-icon\"> <i class=\"fas fa-dot-circle\"></i></span> <span>Diamond Kinetics</span></li>\r\n	<li><span class=\"b-art-points-icon\"> <i class=\"fas fa-dot-circle\"></i></span> <span>Stalker Radar Guns</span></li>\r\n	<li><span class=\"b-art-points-icon\"> <i class=\"fas fa-dot-circle\"></i></span> <span>Full Lifting Gym</span></li>\r\n	<li><span class=\"b-art-points-icon\"> <i class=\"fas fa-dot-circle\"></i></span> <span>Access Whenever</span></li>\r\n</ul>', 'h1HittraxRapsodo', 1, 0, '2022-01-18 15:44:04', '2022-01-20 17:50:49', NULL),
(67, 'h1', '', '<ul>\r\n	<li>Lessons and Training Included in Team Fees</li>\r\n	<li>State of the Art Facility</li>\r\n	<li>Lessons from Pro and College Coaches</li>\r\n	<li>Top of the line gear and jerseys</li>\r\n	<li>15% off Marucci/Victus/Old Hickory Items</li>\r\n	<li>15% off all BB Sports additional Memberships, Lessons, and Apparel</li>\r\n</ul>', 'h1Lessons and Training Included in Team Fees', 1, 0, '2022-01-18 15:46:23', '2022-01-20 17:50:50', NULL),
(68, 'p', '', '<p>BB Elite is a college showcase and prep team for high school level baseball and softball athletes.</p>\r\n\r\n<p>This is not your typical travel ball team. We run our teams exactly like a college program in order to prepare them for the next level</p>\r\n\r\n<p>This is not your typical travel ball team. We run our teams exactly like a college program in order to prepare them for the next level</p>\r\n', 'pBB Elite is a college showcase and prep team ', 1, 0, '2022-01-18 15:49:26', '2022-01-20 17:50:52', NULL),
(69, 'h3', '', '<ul>\r\n	<li>Develop individual skills that will help each player have success at every level</li>\r\n	<li>To get college exposure and experience playing some of the best talent in the country</li>\r\n	<li>To learn game knowledge and situations taught at the professional level</li>\r\n	<li>To experience the country, colleges, and baseball all around the country to get a feel for where you want to play college ball</li>\r\n	<li>To develop a passion for this great game and experience life lessons and experiences with your friends and BB Sports family</li>\r\n	<li>And overall to develop young men that will have success in life whether it is on the field or in life<br />\r\n	 </li>\r\n</ul>', 'h3And overall to develop young men that will have success in life whether it is ', 1, 0, '2022-01-18 15:57:05', '2022-01-20 17:50:55', NULL),
(70, 'h3', '', '<ul>\r\n	<li>Play at places like Vanderbilt University, Kansas State University, Wichita State University, University of Dallas, University of Louisiana Monroe, and more</li>\r\n	<li>Lessons and Training Included in Team Fees</li>\r\n	<li>State of the Art Facility</li>\r\n	<li>Pro and College Coaches</li>\r\n	<li>Recruiting Help and Guidance</li>\r\n	<li>15% off Marucci/Victus/Old Hickory Items</li>\r\n	<li>15% off all BB Sports additional Memberships, Lessons, and Apparel</li>\r\n</ul>', 'h3Play at places like Vanderbilt University, Kansas State University, Wichita State University, University of Dallas, University of Louisiana Monroe, and more', 1, 0, '2022-01-18 16:00:06', '2022-01-20 17:50:57', NULL),
(71, 'h3', '', '<ul>\r\n	<li>Hittrax</li>\r\n	<li>Rapsodo</li>\r\n	<li>4D Motion</li>\r\n	<li>Diamond Kinetics</li>\r\n	<li>Stalker Radar Guns</li>\r\n	<li>Full Lifting Gym</li>\r\n	<li>Access Whenever</li>\r\n</ul>', 'h3HittraxRapsodo4DMotion', 1, 0, '2022-01-18 16:02:59', '2022-01-20 17:51:00', NULL),
(72, 'p', '', '<p>Our youth teams the Colorado Yetis(Baseball) and Colorado Power(Softball) are some of the top programs in Northern Colorado.</p>\r\n\r\n<p>We believe in training sessions both on the field, in the cage/bullpen, and in the gym in order to give the kids the basic fundamentals, knowledge and athleticism to play any sport as far as they would like</p>\r\n', 'pOur youth teams the Colorado', 1, 0, '2022-01-18 16:07:02', '2022-01-20 17:51:03', NULL),
(73, 'h3', '', '<ul>\r\n	<li>Develop individual skills that will help each player have success at every level</li>\r\n	<li>To learn game knowledge and situations taught at the professional level</li>\r\n	<li>To create athleticism and hand eye coordination that will help with all sports</li>\r\n	<li>To experience the country, colleges, and baseball all around the country to get a feel for where you want to play college ball</li>\r\n	<li>To develop a passion for this great game and experience life lessons and experiences with your friends and BB Sports family</li>\r\n	<li>And overall to develop young men and woman that value skills/attributes such as respect, hard work, passion, confidence, accountability, and morality that will help them in all aspects of life</li>\r\n</ul>', 'h3To learn game knowledge and situations taught at the professional level', 1, 0, '2022-01-18 16:22:44', '2022-01-20 17:51:06', NULL),
(74, 'h3', '', '<ul>\r\n	<li>Lessons and Training Included in Team Fees</li>\r\n	<li>State of the Art Facility</li>\r\n	<li>Lessons from Pro and College Coaches</li>\r\n	<li>Top of the line gear and jerseys</li>\r\n	<li>Recruiting Help and Guidance</li>\r\n	<li>15% off Marucci/Victus/Old Hickory Items</li>\r\n	<li>15% off all BB Sports additional Memberships, Lessons, and Apparel</li>\r\n</ul>', 'h3Lessons from Pro and College Coaches', 1, 0, '2022-01-18 16:24:10', '2022-01-20 17:51:09', NULL),
(75, 'h3', '', '<ul>\r\n	<li>Hittrax</li>\r\n	<li>Rapsodo</li>\r\n	<li>4D Motion</li>\r\n	<li>Diamond Kinetics</li>\r\n	<li>Stalker Radar Guns</li>\r\n	<li>Full Lifting Gym</li>\r\n	<li>Access Whenever</li>\r\n</ul>', 'h3Stalker Radar GunsFull Lifting GymAccess Whenever', 1, 0, '2022-01-18 16:28:25', '2022-01-20 17:51:13', NULL),
(76, 'p', '', '<p>We are an athletic training facility that mixes a little old school with the new school! We biomechanical approach to movement to maximize movement pattern efficiency which in return maximizes power output and encourages healthy movements!</p>\r\n\r\n<p>All of our instructors and trainers played college or pro sports which allows us to provide first hand experience and study each sport extensively to continue are knowledge on maximizing the performance of our athletes!</p>\r\n', 'pWe are an athletic training facility that mixes a', 1, 0, '2022-01-18 17:26:42', '2022-01-20 17:51:27', NULL),
(78, 'h3', '', '<h3>Mobility</h3>\r\n\r\n<ul>\r\n	<li>Hip External Rotation</li>\r\n	<li>Hip Internal Rotation</li>\r\n	<li>Shoulder External Rotation</li>\r\n	<li>Shoulder Internal Rotation</li>\r\n	<li>Shoulder Pronation</li>\r\n	<li>Ankle Dorsiflexion</li>\r\n	<li>Ankle Plantarflexion</li>\r\n	<li>Spine Rotation</li>\r\n	<li>Hamstring</li>\r\n	<li>Overhead Squat</li>\r\n</ul>\r\n\r\n<h3>Strength/Athleticism</h3>\r\n\r\n<ul>\r\n	<li>Grip Strength</li>\r\n	<li>Abductors</li>\r\n	<li>Adductors</li>\r\n	<li>Deadlift</li>\r\n	<li>Bicep</li>\r\n	<li>Tricep</li>\r\n	<li>Back</li>\r\n	<li>Chest</li>\r\n	<li>Shoulder</li>\r\n	<li>Calf</li>\r\n	<li>Broad Jump</li>\r\n	<li>20 Yard Sprint</li>\r\n	<li>And More</li>\r\n</ul>\r\n\r\n<h3>Hitting</h3>\r\n\r\n<ul>\r\n	<li>High Speed Video Analysis</li>\r\n	<li>Exit Velocity</li>\r\n	<li>Launch Angle</li>\r\n	<li>Attack Angle</li>\r\n	<li>Hand Speed</li>\r\n	<li>Bat Speed</li>\r\n	<li>Launch Quickness</li>\r\n	<li>Kinetic Chain</li>\r\n	<li>Timing</li>\r\n	<li>Rhythm</li>\r\n	<li>Point of Contact</li>\r\n	<li>And More</li>\r\n</ul>\r\n\r\n<h3>Pitching</h3>\r\n\r\n<ul>\r\n	<li>High Speed Video Analysis</li>\r\n	<li>Velocity</li>\r\n	<li>Spin Rate</li>\r\n	<li>Spin Direction</li>\r\n	<li>Spin Efficiency</li>\r\n	<li>Vertical Break</li>\r\n	<li>Horizontal Break</li>\r\n	<li>Release Angle</li>\r\n	<li>Release Height</li>\r\n	<li>Separation</li>\r\n	<li>Timing</li>\r\n	<li>And More</li>\r\n</ul>\r\n', 'h3HipExternalRotationHipInternalRotationShoulderExternalRotation', 1, 0, '2022-01-18 17:35:24', '2022-01-20 17:51:32', NULL),
(79, 'p', '', '<p>Our staff is second to none! All of our instructors not only have playing experience at the highest levels, but also have the knowledge and background to use the advanced technology at BB Sports. We take our vast experience and pair it with our state of the art facility to give you the best training in Northern Colorado.</p>\r\n', 'pOur staff is second to none! All of our instructors', 1, 0, '2022-01-18 17:38:32', '2022-01-20 17:51:34', NULL),
(80, 'p', '', '<p>We are looking for committed athletes that are wanting to elevate their game to that next Peak Top and continue their passion for the game.</p>\r\n\r\n<p>We have you fill out a form that gives us the best days and times to fit your schedule and our schedule! We have groups running almost everyday!!</p>\r\n', 'pWe are looking for committed athletes that are wanting', 1, 0, '2022-01-18 19:56:09', '2022-01-20 17:51:37', NULL),
(81, 'h2', '', '<h2>Hitting</h2>\r\n\r\n<h3>Increase...</h3>\r\n\r\n<ul>\r\n	<li>Exit Velocity</li>\r\n	<li>Bat Speed</li>\r\n	<li>Distance</li>\r\n	<li>Biomechanics(Bat Path, Hand Path, Spine Stability, etc.)</li>\r\n	<li>Consistency</li>\r\n	<li>Pitch Recognition</li>\r\n</ul>\r\n', 'h2HittingIncreaseExit Velocity', 1, 0, '2022-01-18 19:59:11', '2022-01-20 17:51:39', NULL),
(82, 'h2', '', '<h2>Fielding</h2>\r\n\r\n<h3>Increase...</h3>\r\n\r\n<ul>\r\n	<li>Footwork</li>\r\n	<li>Glove Work</li>\r\n	<li>Glove WorkAwareness</li>\r\n	<li>Bad Hop Reactions</li>\r\n	<li>Pre Pitch Planning</li>\r\n</ul>\r\n', 'h2FieldingIncreaseFootwork', 1, 0, '2022-01-18 20:01:02', '2022-01-20 17:51:42', NULL),
(83, 'h2', '', '<h2>Velocity and Pitching</h2>\r\n\r\n<h3>Increase...</h3>\r\n\r\n<ul>\r\n	<li>Throwing Velocity</li>\r\n	<li>Spin</li>\r\n	<li>Leg Drive</li>\r\n	<li>Biomechanics(arm action, hand position, shoulder alignment, hip rotation, etc.)</li>\r\n	<li>Control</li>\r\n	<li>Offspeed</li>\r\n</ul>\r\n', 'h2VelocityandPitchingIncreaseThrowingVelocity', 1, 0, '2022-01-18 20:03:25', '2022-01-20 17:51:44', NULL),
(84, 'h2', '', '<h2>Strength, Speed, and Power</h2>\r\n\r\n<h3>Increase...</h3>\r\n\r\n<ul>\r\n	<li>Mobility</li>\r\n	<li>Strength</li>\r\n	<li>Speed</li>\r\n	<li>Agility</li>\r\n	<li>Explosion</li>\r\n	<li>Power in Multiple Planes</li>\r\n	<li>Body Awareness</li>\r\n</ul>\r\n', 'h2StrengthSpeedandPowerIncreaseMobility', 1, 0, '2022-01-18 20:06:49', '2022-01-20 17:51:46', NULL),
(85, 'h2', '', '<h2>Youth Athleticism</h2>\r\n\r\n<h3>Increase...</h3>\r\n\r\n<ul>\r\n	<li>Hand Eye Coordination</li>\r\n	<li>Motor Skills</li>\r\n	<li>Strength</li>\r\n	<li>Agility</li>\r\n	<li>Speed</li>\r\n	<li>Acceleration</li>\r\n</ul>\r\n', 'h2YouthAthleticismIncreaseHandEyeCoordination', 1, 0, '2022-01-18 20:07:52', '2022-01-20 17:51:49', NULL),
(86, 'h5', '', '<ul>\r\n                <li>Hittrax</li>\r\n                <li>Rapsodo</li>\r\n                <li>4D Motion</li>\r\n                <li>Diamond Kinetics</li>\r\n                <li>Stalker Radar Guns</li>\r\n                <li>Full Lifting Gym</li>\r\n                <li>Access Whenever</li>\r\n            </ul>', 'h5HittraxRapsodo4DMotion', 1, 0, '2022-01-18 21:29:55', '2022-01-20 17:51:51', NULL),
(87, 'h5', '', '<ul>\r\n	<li>Develop individual skills that will help each player have success at every level</li>\r\n	<li>To get college exposure and experience playing some of the best talent in the country</li>\r\n	<li>To learn game knowledge and situations taught at the professional level</li>\r\n	<li>To experience the country, colleges, and baseball all around the country to get a feel for where you want to play college ball</li>\r\n	<li>To develop a passion for this great game and experience life lessons and experiences with your friends and BB Sports family</li>\r\n	<li>And overall to develop young men that will have success in life whether it is on the field or in life</li>\r\n</ul>\r\n', 'Developindividualskillsthatwillhelpeachplayerhavesuccessa', 1, 0, '2022-01-18 21:33:10', '2022-01-20 17:51:53', NULL),
(88, 'h6', '', '<ul>\r\n                <li>Play at places like Vanderbilt University, Kansas State University, Wichita State University, University of Dallas, University of Louisiana Monroe, and more</li>\r\n                <li>Lessons and Training Included in Team Fees</li>\r\n                <li>State of the Art Facility</li>\r\n                <li>Pro and College Coaches</li>\r\n                <li>Recruiting Help and Guidance</li>\r\n                <li>15% off Marucci/Victus/Old Hickory Items</li>\r\n                <li>15% off all BB Sports additional Memberships, Lessons, and Apparel</li>\r\n            </ul>', 'h6PlaclikeVaderitnvriy,assSaeniest,iciattUiest,nvriyfalsUiestofLouisianaMonroe,andmore', 1, 0, '2022-01-18 21:35:29', '2022-01-20 17:51:56', NULL),
(89, 'h6', '', '<h6>This is a rough schedule for the facility, please head to our upper hand site to see the most up to date</h6>\r\n', 'h5This is a rough schedule for the facility', 1, 0, '2022-01-19 19:42:58', '2022-01-20 17:52:03', NULL),
(90, 'h3', '', '<h3><u>Our Goals</u></h3>\r\n', 'h3Our Gaols', 1, 0, '2022-01-20 13:03:56', '2022-01-20 13:13:08', NULL),
(91, 'p', '', '<p><i aria-hidden=\"true\" class=\"fa fa-copyright\"></i>2022 BB Sports Training</p>\r\n', 'p2019 BB Sports Training', 1, 0, '2022-01-20 13:39:58', '2022-02-11 17:09:59', NULL),
(92, 'h6', '', '<h6>High School Baseball Teams</h6>\r\n', 'h6High School Baseball Teams', 1, 0, '2022-02-11 14:21:12', '2022-02-11 14:21:22', NULL);

--
-- Indexes for dumped tables
--

--
-- Indexes for table `attenda`
--
ALTER TABLE `attenda`
  ADD PRIMARY KEY (`id`);

--
-- Indexes for table `attributes`
--
ALTER TABLE `attributes`
  ADD PRIMARY KEY (`id`);

--
-- Indexes for table `blog`
--
ALTER TABLE `blog`
  ADD PRIMARY KEY (`id`);

--
-- Indexes for table `blog_image`
--
ALTER TABLE `blog_image`
  ADD PRIMARY KEY (`id`);

--
-- Indexes for table `category`
--
ALTER TABLE `category`
  ADD PRIMARY KEY (`id`);

--
-- Indexes for table `cms`
--
ALTER TABLE `cms`
  ADD PRIMARY KEY (`id`);

--
-- Indexes for table `colour`
--
ALTER TABLE `colour`
  ADD PRIMARY KEY (`id`);

--
-- Indexes for table `config`
--
ALTER TABLE `config`
  ADD PRIMARY KEY (`id`);

--
-- Indexes for table `contact`
--
ALTER TABLE `contact`
  ADD PRIMARY KEY (`id`);

--
-- Indexes for table `contact_details`
--
ALTER TABLE `contact_details`
  ADD PRIMARY KEY (`id`);

--
-- Indexes for table `country`
--
ALTER TABLE `country`
  ADD PRIMARY KEY (`id`);

--
-- Indexes for table `coupon`
--
ALTER TABLE `coupon`
  ADD PRIMARY KEY (`id`);

--
-- Indexes for table `faqs`
--
ALTER TABLE `faqs`
  ADD PRIMARY KEY (`id`);

--
-- Indexes for table `instructors`
--
ALTER TABLE `instructors`
  ADD PRIMARY KEY (`id`);

--
-- Indexes for table `instructor_profile`
--
ALTER TABLE `instructor_profile`
  ADD PRIMARY KEY (`id`);

--
-- Indexes for table `leave_application`
--
ALTER TABLE `leave_application`
  ADD PRIMARY KEY (`id`);

--
-- Indexes for table `logo`
--
ALTER TABLE `logo`
  ADD PRIMARY KEY (`id`);

--
-- Indexes for table `new_feeds`
--
ALTER TABLE `new_feeds`
  ADD PRIMARY KEY (`id`);

--
-- Indexes for table `orders`
--
ALTER TABLE `orders`
  ADD PRIMARY KEY (`id`);

--
-- Indexes for table `order_details`
--
ALTER TABLE `order_details`
  ADD PRIMARY KEY (`id`);

--
-- Indexes for table `ourwork`
--
ALTER TABLE `ourwork`
  ADD PRIMARY KEY (`id`);

--
-- Indexes for table `packages`
--
ALTER TABLE `packages`
  ADD PRIMARY KEY (`id`);

--
-- Indexes for table `pages`
--
ALTER TABLE `pages`
  ADD PRIMARY KEY (`id`);

--
-- Indexes for table `partners`
--
ALTER TABLE `partners`
  ADD PRIMARY KEY (`id`);

--
-- Indexes for table `payslip`
--
ALTER TABLE `payslip`
  ADD PRIMARY KEY (`id`);

--
-- Indexes for table `peaktop`
--
ALTER TABLE `peaktop`
  ADD PRIMARY KEY (`id`);

--
-- Indexes for table `player`
--
ALTER TABLE `player`
  ADD PRIMARY KEY (`id`);

--
-- Indexes for table `player_all_stats`
--
ALTER TABLE `player_all_stats`
  ADD PRIMARY KEY (`id`);

--
-- Indexes for table `player_pitcher_stats`
--
ALTER TABLE `player_pitcher_stats`
  ADD PRIMARY KEY (`id`);

--
-- Indexes for table `player_position_stats`
--
ALTER TABLE `player_position_stats`
  ADD PRIMARY KEY (`id`);

--
-- Indexes for table `position`
--
ALTER TABLE `position`
  ADD PRIMARY KEY (`id`);

--
-- Indexes for table `product`
--
ALTER TABLE `product`
  ADD PRIMARY KEY (`id`);

--
-- Indexes for table `product_colour`
--
ALTER TABLE `product_colour`
  ADD PRIMARY KEY (`id`);

--
-- Indexes for table `product_size`
--
ALTER TABLE `product_size`
  ADD PRIMARY KEY (`id`);

--
-- Indexes for table `role_assign`
--
ALTER TABLE `role_assign`
  ADD PRIMARY KEY (`id`);

--
-- Indexes for table `sections`
--
ALTER TABLE `sections`
  ADD PRIMARY KEY (`id`);

--
-- Indexes for table `size`
--
ALTER TABLE `size`
  ADD PRIMARY KEY (`id`);

--
-- Indexes for table `sports`
--
ALTER TABLE `sports`
  ADD PRIMARY KEY (`id`);

--
-- Indexes for table `team`
--
ALTER TABLE `team`
  ADD PRIMARY KEY (`id`);

--
-- Indexes for table `testimonials`
--
ALTER TABLE `testimonials`
  ADD PRIMARY KEY (`id`);

--
-- Indexes for table `users`
--
ALTER TABLE `users`
  ADD PRIMARY KEY (`id`);

--
-- Indexes for table `videos`
--
ALTER TABLE `videos`
  ADD PRIMARY KEY (`id`);

--
-- Indexes for table `web_cms`
--
ALTER TABLE `web_cms`
  ADD PRIMARY KEY (`id`);

--
-- AUTO_INCREMENT for dumped tables
--

--
-- AUTO_INCREMENT for table `attenda`
--
ALTER TABLE `attenda`
  MODIFY `id` int(10) UNSIGNED NOT NULL AUTO_INCREMENT, AUTO_INCREMENT=244;

--
-- AUTO_INCREMENT for table `attributes`
--
ALTER TABLE `attributes`
  MODIFY `id` int(10) UNSIGNED NOT NULL AUTO_INCREMENT, AUTO_INCREMENT=92;

--
-- AUTO_INCREMENT for table `blog`
--
ALTER TABLE `blog`
  MODIFY `id` int(11) NOT NULL AUTO_INCREMENT, AUTO_INCREMENT=19;

--
-- AUTO_INCREMENT for table `blog_image`
--
ALTER TABLE `blog_image`
  MODIFY `id` int(11) NOT NULL AUTO_INCREMENT, AUTO_INCREMENT=62;

--
-- AUTO_INCREMENT for table `category`
--
ALTER TABLE `category`
  MODIFY `id` int(11) NOT NULL AUTO_INCREMENT, AUTO_INCREMENT=15;

--
-- AUTO_INCREMENT for table `cms`
--
ALTER TABLE `cms`
  MODIFY `id` int(11) NOT NULL AUTO_INCREMENT, AUTO_INCREMENT=50;

--
-- AUTO_INCREMENT for table `colour`
--
ALTER TABLE `colour`
  MODIFY `id` int(11) NOT NULL AUTO_INCREMENT, AUTO_INCREMENT=38;

--
-- AUTO_INCREMENT for table `config`
--
ALTER TABLE `config`
  MODIFY `id` int(10) UNSIGNED NOT NULL AUTO_INCREMENT, AUTO_INCREMENT=9;

--
-- AUTO_INCREMENT for table `contact`
--
ALTER TABLE `contact`
  MODIFY `id` int(11) NOT NULL AUTO_INCREMENT, AUTO_INCREMENT=9;

--
-- AUTO_INCREMENT for table `contact_details`
--
ALTER TABLE `contact_details`
  MODIFY `id` int(11) NOT NULL AUTO_INCREMENT, AUTO_INCREMENT=14;

--
-- AUTO_INCREMENT for table `country`
--
ALTER TABLE `country`
  MODIFY `id` int(11) NOT NULL AUTO_INCREMENT, AUTO_INCREMENT=240;

--
-- AUTO_INCREMENT for table `coupon`
--
ALTER TABLE `coupon`
  MODIFY `id` int(11) NOT NULL AUTO_INCREMENT, AUTO_INCREMENT=5;

--
-- AUTO_INCREMENT for table `faqs`
--
ALTER TABLE `faqs`
  MODIFY `id` int(10) UNSIGNED NOT NULL AUTO_INCREMENT, AUTO_INCREMENT=3;

--
-- AUTO_INCREMENT for table `instructors`
--
ALTER TABLE `instructors`
  MODIFY `id` int(11) NOT NULL AUTO_INCREMENT, AUTO_INCREMENT=16;

--
-- AUTO_INCREMENT for table `instructor_profile`
--
ALTER TABLE `instructor_profile`
  MODIFY `id` int(11) NOT NULL AUTO_INCREMENT, AUTO_INCREMENT=23;

--
-- AUTO_INCREMENT for table `leave_application`
--
ALTER TABLE `leave_application`
  MODIFY `id` int(10) UNSIGNED NOT NULL AUTO_INCREMENT, AUTO_INCREMENT=9;

--
-- AUTO_INCREMENT for table `logo`
--
ALTER TABLE `logo`
  MODIFY `id` int(11) NOT NULL AUTO_INCREMENT, AUTO_INCREMENT=13;

--
-- AUTO_INCREMENT for table `new_feeds`
--
ALTER TABLE `new_feeds`
  MODIFY `id` int(10) UNSIGNED NOT NULL AUTO_INCREMENT, AUTO_INCREMENT=4;

--
-- AUTO_INCREMENT for table `orders`
--
ALTER TABLE `orders`
  MODIFY `id` int(11) NOT NULL AUTO_INCREMENT, AUTO_INCREMENT=113;

--
-- AUTO_INCREMENT for table `order_details`
--
ALTER TABLE `order_details`
  MODIFY `id` int(11) NOT NULL AUTO_INCREMENT, AUTO_INCREMENT=68;

--
-- AUTO_INCREMENT for table `ourwork`
--
ALTER TABLE `ourwork`
  MODIFY `id` int(11) NOT NULL AUTO_INCREMENT, AUTO_INCREMENT=7;

--
-- AUTO_INCREMENT for table `packages`
--
ALTER TABLE `packages`
  MODIFY `id` int(10) UNSIGNED NOT NULL AUTO_INCREMENT, AUTO_INCREMENT=7;

--
-- AUTO_INCREMENT for table `pages`
--
ALTER TABLE `pages`
  MODIFY `id` int(11) NOT NULL AUTO_INCREMENT, AUTO_INCREMENT=12;

--
-- AUTO_INCREMENT for table `partners`
--
ALTER TABLE `partners`
  MODIFY `id` int(11) NOT NULL AUTO_INCREMENT, AUTO_INCREMENT=6;

--
-- AUTO_INCREMENT for table `payslip`
--
ALTER TABLE `payslip`
  MODIFY `id` int(10) UNSIGNED NOT NULL AUTO_INCREMENT, AUTO_INCREMENT=9;

--
-- AUTO_INCREMENT for table `peaktop`
--
ALTER TABLE `peaktop`
  MODIFY `id` int(11) NOT NULL AUTO_INCREMENT, AUTO_INCREMENT=12;

--
-- AUTO_INCREMENT for table `player`
--
ALTER TABLE `player`
  MODIFY `id` int(11) NOT NULL AUTO_INCREMENT, AUTO_INCREMENT=17;

--
-- AUTO_INCREMENT for table `player_all_stats`
--
ALTER TABLE `player_all_stats`
  MODIFY `id` int(11) NOT NULL AUTO_INCREMENT, AUTO_INCREMENT=6;

--
-- AUTO_INCREMENT for table `player_pitcher_stats`
--
ALTER TABLE `player_pitcher_stats`
  MODIFY `id` int(11) NOT NULL AUTO_INCREMENT, AUTO_INCREMENT=14;

--
-- AUTO_INCREMENT for table `player_position_stats`
--
ALTER TABLE `player_position_stats`
  MODIFY `id` int(11) NOT NULL AUTO_INCREMENT, AUTO_INCREMENT=8;

--
-- AUTO_INCREMENT for table `position`
--
ALTER TABLE `position`
  MODIFY `id` int(11) NOT NULL AUTO_INCREMENT, AUTO_INCREMENT=8;

--
-- AUTO_INCREMENT for table `product`
--
ALTER TABLE `product`
  MODIFY `id` int(11) NOT NULL AUTO_INCREMENT, AUTO_INCREMENT=159;

--
-- AUTO_INCREMENT for table `product_colour`
--
ALTER TABLE `product_colour`
  MODIFY `id` int(11) NOT NULL AUTO_INCREMENT, AUTO_INCREMENT=87;

--
-- AUTO_INCREMENT for table `product_size`
--
ALTER TABLE `product_size`
  MODIFY `id` int(11) NOT NULL AUTO_INCREMENT, AUTO_INCREMENT=338;

--
-- AUTO_INCREMENT for table `role_assign`
--
ALTER TABLE `role_assign`
  MODIFY `id` int(10) UNSIGNED NOT NULL AUTO_INCREMENT, AUTO_INCREMENT=17;

--
-- AUTO_INCREMENT for table `sections`
--
ALTER TABLE `sections`
  MODIFY `id` int(11) NOT NULL AUTO_INCREMENT, AUTO_INCREMENT=3;

--
-- AUTO_INCREMENT for table `size`
--
ALTER TABLE `size`
  MODIFY `id` int(11) NOT NULL AUTO_INCREMENT, AUTO_INCREMENT=16;

--
-- AUTO_INCREMENT for table `sports`
--
ALTER TABLE `sports`
  MODIFY `id` int(11) NOT NULL AUTO_INCREMENT, AUTO_INCREMENT=3;

--
-- AUTO_INCREMENT for table `team`
--
ALTER TABLE `team`
  MODIFY `id` int(11) NOT NULL AUTO_INCREMENT, AUTO_INCREMENT=13;

--
-- AUTO_INCREMENT for table `testimonials`
--
ALTER TABLE `testimonials`
  MODIFY `id` int(11) NOT NULL AUTO_INCREMENT, AUTO_INCREMENT=15;

--
-- AUTO_INCREMENT for table `users`
--
ALTER TABLE `users`
  MODIFY `id` int(10) UNSIGNED NOT NULL AUTO_INCREMENT, AUTO_INCREMENT=146;

--
-- AUTO_INCREMENT for table `videos`
--
ALTER TABLE `videos`
  MODIFY `id` int(11) NOT NULL AUTO_INCREMENT, AUTO_INCREMENT=6;

--
-- AUTO_INCREMENT for table `web_cms`
--
ALTER TABLE `web_cms`
  MODIFY `id` int(11) NOT NULL AUTO_INCREMENT, AUTO_INCREMENT=93;
COMMIT;

/*!40101 SET CHARACTER_SET_CLIENT=@OLD_CHARACTER_SET_CLIENT */;
/*!40101 SET CHARACTER_SET_RESULTS=@OLD_CHARACTER_SET_RESULTS */;
/*!40101 SET COLLATION_CONNECTION=@OLD_COLLATION_CONNECTION */;
